CVSS,# of known exploits,# of known weaponization,Component,CWE,Project Name,Project Version,CVE ID
10,1,1,org.apache.commons/commons-text,CWE-94,smob,2026-01-26.1,CVE-2022-42889
10,1,1,org.springframework/spring-core,CWE-94,spring-framework,2026-01-26.2,CVE-2022-22965
10,1,1,sequelize,CWE-281,Mybinary,2026-01-26.4,CVE-2022-0847
10,1,1,com.fasterxml.jackson.core/jackson-databind,CWE-94,guava,2026-01-26.4,CVE-2022-42889
10,1,1,org.springframework/spring-core,CWE-94,smob,2026-01-26.1,CVE-2022-22965
10,1,1,nginx,CWE-94,smob,2026-01-26.1,CVE-2022-42889
10,1,1,org.apache.logging.log4j/log4j-core,CWE-502,spring-framework,2026-01-26.2,CVE-2021-45046
10,1,1,org.springframework/spring-core,CWE-94,WebGoat,2026-01-26.2,CVE-2022-22965
10,1,1,linux-kernel,CWE-281,smob,2026-01-26.1,CVE-2022-0847
10,1,1,org.apache.commons/commons-text,CWE-94,spring-framework,2026-01-26.2,CVE-2022-22965
10,1,1,org.springframework/spring-core,CWE-94,Mailtest,2026-01-26.4,CVE-2022-22965
10,1,1,org.springframework/spring-core,CWE-94,Mailtest,2026-01-26.4,CVE-2022-22965
10,1,1,org.springframework/spring-web,CWE-94,guava,2026-01-26.4,CVE-2022-22965
10,1,1,org.springframework/spring-core,CWE-94,smob,2026-01-26.1,CVE-2022-22965
10,1,1,org.apache.commons/commons-text,CWE-281,spring-framework,2026-01-26.2,CVE-2022-0847
10,1,1,org.apache.logging.log4j/log4j-core,CWE-502,guava,2026-01-26.4,CVE-2021-44228
10,1,1,org.apache.commons/commons-text,CWE-94,smob,2026-01-26.1,CVE-2022-22965
10,1,1,org.springframework/spring-core,CWE-281,WebGoat,2026-01-26.2,CVE-2022-0847
10,1,1,linux-kernel,CWE-281,WebGoat,2026-01-26.2,CVE-2022-0847
10,1,1,linux-kernel,CWE-281,Mybinary,2026-01-26.4,CVE-2022-0847
10,1,1,org.apache.commons/commons-text,CWE-94,WebGoat,2026-01-26.2,CVE-2022-42889
10,1,1,org.springframework/spring-core,CWE-94,guava,2026-01-26.4,CVE-2022-22965
10,1,1,org.apache.logging.log4j/log4j-core,CWE-502,spring-framework,2026-01-26.2,CVE-2021-45046
10,1,1,org.springframework/spring-core,CWE-94,smob,2026-01-26.1,CVE-2022-22965
10,1,1,org.yaml/snakeyaml,CWE-94,spring-framework,2026-01-26.2,CVE-2022-22965
10,1,1,org.apache.logging.log4j/log4j-core,CWE-502,smob,2026-01-26.1,CVE-2021-44228
10,1,1,org.springframework/spring-core,CWE-94,WebGoat,2026-01-26.2,CVE-2022-42889
10,1,1,org.springframework/spring-core,CWE-94,WebGoat,2026-01-26.2,CVE-2022-22965
10,1,1,org.apache.logging.log4j/log4j-core,CWE-502,Mybinary,2026-01-26.4,CVE-2021-44228
10,1,1,org.apache.logging.log4j/log4j-core,CWE-502,nifi,2026-01-26.2,CVE-2021-44228
10,1,1,org.apache.commons/commons-text,CWE-502,nifi,2026-01-26.2,CVE-2021-44228
10,1,1,org.apache.commons/commons-text,CWE-94,WebGoat,2026-01-26.2,CVE-2022-22965
10,1,1,org.apache.commons/commons-text,CWE-94,nifi,2026-01-26.2,CVE-2022-22965
10,1,1,com.fasterxml.jackson.core/jackson-databind,CWE-281,nifi,2026-01-26.2,CVE-2022-0847
10,1,1,linux-kernel,CWE-281,guava,2026-01-26.4,CVE-2022-0847
10,1,1,org.springframework/spring-core,CWE-94,spring-framework,2026-01-26.2,CVE-2022-22965
10,1,1,org.apache.logging.log4j/log4j-core,CWE-502,Mailtest,2026-01-26.4,CVE-2021-44228
10,1,1,org.apache.commons/commons-text,CWE-94,nifi,2026-01-26.2,CVE-2022-42889
10,1,1,org.apache.commons/commons-text,CWE-94,WebGoat,2026-01-26.2,CVE-2022-42889
10,1,1,org.apache.logging.log4j/log4j-core,CWE-502,guava,2026-01-26.4,CVE-2021-45046
10,1,1,org.apache.commons/commons-text,CWE-281,spring-framework,2026-01-26.2,CVE-2022-0847
10,1,1,linux-kernel,CWE-281,nifi,2026-01-26.2,CVE-2022-0847
10,1,1,org.apache.commons/commons-text,CWE-94,Mailtest,2026-01-26.4,CVE-2022-42889
10,1,1,org.apache.logging.log4j/log4j-core,CWE-94,WebGoat,2026-01-26.2,CVE-2022-42889
10,1,1,linux-kernel,CWE-281,elasticsearch,2026-01-26.4,CVE-2022-0847
10,1,1,org.apache.commons/commons-text,CWE-502,elasticsearch,2026-01-26.4,CVE-2021-44228
10,1,1,org.springframework/spring-web,CWE-94,WebGoat,2026-01-26.2,CVE-2022-22965
10,1,1,org.apache.commons/commons-text,CWE-94,Mybinary,2026-01-26.4,CVE-2022-42889
10,1,1,org.springframework/spring-web,CWE-94,Mailtest,2026-01-26.4,CVE-2022-22965
10,1,1,org.apache.commons/commons-text,CWE-94,guava,2026-01-26.4,CVE-2022-42889
10,1,1,org.apache.commons/commons-text,CWE-94,Mailtest,2026-01-26.4,CVE-2022-42889
10,1,1,org.springframework/spring-core,CWE-94,elasticsearch,2026-01-26.4,CVE-2022-22965
10,1,1,org.apache.logging.log4j/log4j-core,CWE-94,elasticsearch,2026-01-26.4,CVE-2022-42889
10,1,1,org.apache.logging.log4j/log4j-core,CWE-502,elasticsearch,2026-01-26.4,CVE-2021-45046
10,1,1,org.springframework/spring-core,CWE-94,elasticsearch,2026-01-26.4,CVE-2022-42889
10,1,1,org.apache.logging.log4j/log4j-core,CWE-502,WebGoat,2026-01-26.2,CVE-2021-44228
10,1,1,org.springframework/spring-web,CWE-94,Mybinary,2026-01-26.4,CVE-2022-22965
10,1,1,linux-kernel,CWE-281,Mybinary,2026-01-26.4,CVE-2022-0847
10,1,1,jsonwebtoken,CWE-502,spring-framework,2026-01-26.2,CVE-2021-45046
10,1,1,linux-kernel,CWE-281,Mailtest,2026-01-26.4,CVE-2022-0847
10,1,1,org.apache.commons/commons-text,CWE-94,smob,2026-01-26.1,CVE-2022-22965
10,1,1,org.springframework/spring-core,CWE-94,Mybinary,2026-01-26.4,CVE-2022-22965
9,0,1,openssl,CWE-120,smob,2026-01-26.1,CVE-2022-3602
9,0,1,org.springframework/spring-core,CWE-120,smob,2026-01-26.1,CVE-2022-3602
9,1,0,com.fasterxml.jackson.core/jackson-databind,CWE-502,WebGoat,2026-01-26.2,CVE-2022-42003
9,1,1,org.springframework/spring-core,CWE-94,elasticsearch,2026-01-26.4,CVE-2022-22965
9,1,1,org.apache.commons/commons-text,CWE-502,elasticsearch,2026-01-26.4,CVE-2021-44228
9,0,0,jsonwebtoken,CWE-400,Mybinary,2026-01-26.4,CVE-2022-25857
9,1,1,org.apache.commons/commons-text,CWE-94,elasticsearch,2026-01-26.4,CVE-2022-22965
9,1,1,linux-kernel,CWE-281,smob,2026-01-26.1,CVE-2022-0847
9,0,0,com.fasterxml.jackson.core/jackson-databind,CWE-400,WebGoat,2026-01-26.2,CVE-2022-25857
9,0,0,jsonwebtoken,CWE-400,Mybinary,2026-01-26.4,CVE-2022-25857
9,1,1,jsonwebtoken,CWE-94,smob,2026-01-26.1,CVE-2022-22965
9,1,0,com.fasterxml.jackson.core/jackson-databind,CWE-502,WebGoat,2026-01-26.2,CVE-2022-42003
9,1,1,org.springframework/spring-core,CWE-502,Mybinary,2026-01-26.4,CVE-2021-45046
9,0,1,openssl,CWE-120,nifi,2026-01-26.2,CVE-2022-3602
9,1,0,com.fasterxml.jackson.core/jackson-databind,CWE-502,spring-framework,2026-01-26.2,CVE-2022-42003
9,1,1,org.springframework/spring-web,CWE-94,nifi,2026-01-26.2,CVE-2022-22965
9,1,1,org.yaml/snakeyaml,CWE-502,Mybinary,2026-01-26.4,CVE-2021-45046
9,0,1,openssl,CWE-120,smob,2026-01-26.1,CVE-2022-3602
9,0,1,org.springframework/spring-core,CWE-120,nifi,2026-01-26.2,CVE-2022-3602
9,1,1,org.apache.logging.log4j/log4j-core,CWE-502,WebGoat,2026-01-26.2,CVE-2021-44228
9,1,1,org.apache.commons/commons-text,CWE-94,nifi,2026-01-26.2,CVE-2022-42889
9,1,1,org.springframework/spring-core,CWE-94,nifi,2026-01-26.2,CVE-2022-22965
9,0,1,org.springframework/spring-web,CWE-120,nifi,2026-01-26.2,CVE-2022-3602
9,0,1,openssl,CWE-120,spring-framework,2026-01-26.2,CVE-2022-3602
9,1,0,lodash,CWE-502,smob,2026-01-26.1,CVE-2022-42003
9,0,0,org.springframework/spring-web,CWE-400,Mybinary,2026-01-26.4,CVE-2022-25857
9,1,0,org.apache.commons/commons-text,CWE-502,nifi,2026-01-26.2,CVE-2022-42003
9,1,1,org.apache.commons/commons-text,CWE-94,elasticsearch,2026-01-26.4,CVE-2022-42889
9,1,1,org.apache.logging.log4j/log4j-core,CWE-502,spring-framework,2026-01-26.2,CVE-2021-44228
9,1,1,org.springframework/spring-web,CWE-94,elasticsearch,2026-01-26.4,CVE-2022-22965
9,1,1,com.fasterxml.jackson.core/jackson-databind,CWE-502,smob,2026-01-26.1,CVE-2021-44228
9,1,0,com.fasterxml.jackson.core/jackson-databind,CWE-502,smob,2026-01-26.1,CVE-2022-42003
9,0,0,org.yaml/snakeyaml,CWE-400,smob,2026-01-26.1,CVE-2022-25857
9,0,1,openssl,CWE-120,WebGoat,2026-01-26.2,CVE-2022-3602
9,1,1,org.apache.logging.log4j/log4j-core,CWE-502,elasticsearch,2026-01-26.4,CVE-2021-44228
9,1,1,org.apache.logging.log4j/log4j-core,CWE-502,spring-framework,2026-01-26.2,CVE-2021-45046
9,1,1,org.apache.logging.log4j/log4j-core,CWE-502,spring-framework,2026-01-26.2,CVE-2021-44228
9,1,1,jsonwebtoken,CWE-94,Mybinary,2026-01-26.4,CVE-2022-22965
9,1,1,org.apache.commons/commons-text,CWE-94,spring-framework,2026-01-26.2,CVE-2022-42889
9,1,0,org.apache.logging.log4j/log4j-core,CWE-502,elasticsearch,2026-01-26.4,CVE-2022-42003
9,0,0,org.yaml/snakeyaml,CWE-400,Mybinary,2026-01-26.4,CVE-2022-25857
9,1,1,org.apache.logging.log4j/log4j-core,CWE-281,elasticsearch,2026-01-26.4,CVE-2022-0847
9,1,1,org.yaml/snakeyaml,CWE-502,elasticsearch,2026-01-26.4,CVE-2021-44228
9,0,0,org.yaml/snakeyaml,CWE-400,elasticsearch,2026-01-26.4,CVE-2022-25857
9,1,1,org.springframework/spring-web,CWE-94,smob,2026-01-26.1,CVE-2022-22965
9,1,1,linux-kernel,CWE-281,elasticsearch,2026-01-26.4,CVE-2022-0847
9,1,1,org.apache.logging.log4j/log4j-core,CWE-502,WebGoat,2026-01-26.2,CVE-2021-45046
9,1,1,linux-kernel,CWE-281,spring-framework,2026-01-26.2,CVE-2022-0847
9,0,1,openssl,CWE-120,spring-framework,2026-01-26.2,CVE-2022-3602
9,0,1,openssl,CWE-120,Mybinary,2026-01-26.4,CVE-2022-3602
9,1,1,openssl,CWE-94,Mybinary,2026-01-26.4,CVE-2022-22965
9,1,1,org.apache.logging.log4j/log4j-core,CWE-502,elasticsearch,2026-01-26.4,CVE-2021-45046
9,1,1,org.apache.logging.log4j/log4j-core,CWE-502,elasticsearch,2026-01-26.4,CVE-2021-44228
9,1,1,org.apache.commons/commons-text,CWE-94,WebGoat,2026-01-26.2,CVE-2022-22965
9,1,0,com.fasterxml.jackson.core/jackson-databind,CWE-502,smob,2026-01-26.1,CVE-2022-42003
9,1,0,com.fasterxml.jackson.core/jackson-databind,CWE-502,nifi,2026-01-26.2,CVE-2022-42003
9,1,1,org.apache.logging.log4j/log4j-core,CWE-502,WebGoat,2026-01-26.2,CVE-2021-45046
9,1,1,org.springframework/spring-web,CWE-94,spring-framework,2026-01-26.2,CVE-2022-22965
9,0,0,org.yaml/snakeyaml,CWE-400,WebGoat,2026-01-26.2,CVE-2022-25857
9,1,1,jsonwebtoken,CWE-94,Mailtest,2026-01-26.4,CVE-2022-42889
9,1,1,org.apache.logging.log4j/log4j-core,CWE-502,Mailtest,2026-01-26.4,CVE-2021-44228
9,1,1,org.apache.commons/commons-text,CWE-502,nifi,2026-01-26.2,CVE-2021-44228
9,1,1,org.apache.commons/commons-text,CWE-94,nifi,2026-01-26.2,CVE-2022-42889
9,1,1,org.yaml/snakeyaml,CWE-281,guava,2026-01-26.4,CVE-2022-0847
9,1,0,com.fasterxml.jackson.core/jackson-databind,CWE-502,Mybinary,2026-01-26.4,CVE-2022-42003
9,1,1,org.springframework/spring-web,CWE-94,Mailtest,2026-01-26.4,CVE-2022-22965
9,0,0,org.yaml/snakeyaml,CWE-400,spring-framework,2026-01-26.2,CVE-2022-25857
9,1,0,org.springframework/spring-web,CWE-502,Mailtest,2026-01-26.4,CVE-2022-42003
9,1,1,org.apache.logging.log4j/log4j-core,CWE-502,spring-framework,2026-01-26.2,CVE-2021-44228
9,1,1,org.apache.commons/commons-text,CWE-94,smob,2026-01-26.1,CVE-2022-42889
9,1,1,jsonwebtoken,CWE-94,smob,2026-01-26.1,CVE-2022-42889
9,1,1,org.apache.logging.log4j/log4j-core,CWE-502,Mailtest,2026-01-26.4,CVE-2021-45046
9,1,1,org.apache.commons/commons-text,CWE-502,Mailtest,2026-01-26.4,CVE-2021-45046
9,0,0,org.yaml/snakeyaml,CWE-400,guava,2026-01-26.4,CVE-2022-25857
9,1,1,org.springframework/spring-web,CWE-94,Mailtest,2026-01-26.4,CVE-2022-22965
9,0,1,openssl,CWE-120,smob,2026-01-26.1,CVE-2022-3602
9,0,1,org.apache.commons/commons-text,CWE-120,Mailtest,2026-01-26.4,CVE-2022-3602
9,0,0,org.apache.commons/commons-text,CWE-400,Mailtest,2026-01-26.4,CVE-2022-25857
9,1,0,org.apache.commons/commons-text,CWE-502,Mailtest,2026-01-26.4,CVE-2022-42003
9,0,1,lodash,CWE-120,smob,2026-01-26.1,CVE-2022-3602
9,1,1,org.springframework/spring-core,CWE-94,Mybinary,2026-01-26.4,CVE-2022-22965
9,1,1,org.springframework/spring-core,CWE-94,smob,2026-01-26.1,CVE-2022-22965
9,1,1,org.apache.logging.log4j/log4j-core,CWE-502,Mailtest,2026-01-26.4,CVE-2021-45046
9,0,0,org.yaml/snakeyaml,CWE-400,nifi,2026-01-26.2,CVE-2022-25857
9,0,0,org.apache.logging.log4j/log4j-core,CWE-400,guava,2026-01-26.4,CVE-2022-25857
9,0,0,org.yaml/snakeyaml,CWE-400,spring-framework,2026-01-26.2,CVE-2022-25857
9,1,1,com.fasterxml.jackson.core/jackson-databind,CWE-281,Mybinary,2026-01-26.4,CVE-2022-0847
9,1,1,org.apache.commons/commons-text,CWE-94,spring-framework,2026-01-26.2,CVE-2022-42889
9,1,0,jsonwebtoken,CWE-502,WebGoat,2026-01-26.2,CVE-2022-42003
9,0,0,jsonwebtoken,CWE-400,WebGoat,2026-01-26.2,CVE-2022-25857
9,0,0,org.apache.logging.log4j/log4j-core,CWE-400,guava,2026-01-26.4,CVE-2022-25857
9,1,1,org.yaml/snakeyaml,CWE-502,nifi,2026-01-26.2,CVE-2021-45046
9,0,1,org.yaml/snakeyaml,CWE-120,guava,2026-01-26.4,CVE-2022-3602
9,1,0,com.fasterxml.jackson.core/jackson-databind,CWE-502,Mailtest,2026-01-26.4,CVE-2022-42003
9,1,1,com.fasterxml.jackson.core/jackson-databind,CWE-502,Mailtest,2026-01-26.4,CVE-2021-45046
9,0,0,org.yaml/snakeyaml,CWE-400,Mailtest,2026-01-26.4,CVE-2022-25857
9,1,1,org.springframework/spring-core,CWE-94,spring-framework,2026-01-26.2,CVE-2022-22965
9,1,1,org.apache.commons/commons-text,CWE-94,smob,2026-01-26.1,CVE-2022-42889
9,1,1,org.apache.commons/commons-text,CWE-94,smob,2026-01-26.1,CVE-2022-42889
9,1,1,org.apache.logging.log4j/log4j-core,CWE-502,spring-framework,2026-01-26.2,CVE-2021-44228
9,1,1,org.apache.logging.log4j/log4j-core,CWE-502,nifi,2026-01-26.2,CVE-2021-45046
9,0,0,org.apache.commons/commons-text,CWE-400,smob,2026-01-26.1,CVE-2022-25857
9,1,1,org.apache.commons/commons-text,CWE-281,Mailtest,2026-01-26.4,CVE-2022-0847
8,0,0,org.springframework/spring-web,CWE-20,elasticsearch,2026-01-26.4,CVE-2022-23529
8,0,0,com.fasterxml.jackson.core/jackson-databind,CWE-20,Mailtest,2026-01-26.4,CVE-2022-23529
8,1,1,org.apache.commons/commons-text,CWE-502,smob,2026-01-26.1,CVE-2021-45046
8,1,0,org.apache.commons/commons-text,CWE-77,Mailtest,2026-01-26.4,CVE-2021-23337
8,1,1,org.apache.logging.log4j/log4j-core,CWE-502,elasticsearch,2026-01-26.4,CVE-2021-45046
8,0,0,com.fasterxml.jackson.core/jackson-databind,CWE-400,spring-framework,2026-01-26.2,CVE-2022-25857
8,1,0,org.apache.logging.log4j/log4j-core,CWE-502,elasticsearch,2026-01-26.4,CVE-2022-42003
8,0,1,openssl,CWE-120,Mailtest,2026-01-26.4,CVE-2022-3602
8,0,0,org.yaml/snakeyaml,CWE-20,WebGoat,2026-01-26.2,CVE-2022-23529
8,0,0,jsonwebtoken,CWE-20,Mailtest,2026-01-26.4,CVE-2022-23529
8,0,1,org.yaml/snakeyaml,CWE-120,WebGoat,2026-01-26.2,CVE-2022-3602
8,1,0,com.fasterxml.jackson.core/jackson-databind,CWE-502,WebGoat,2026-01-26.2,CVE-2022-42003
8,1,0,com.fasterxml.jackson.core/jackson-databind,CWE-77,WebGoat,2026-01-26.2,CVE-2021-23337
8,0,0,jsonwebtoken,CWE-400,smob,2026-01-26.1,CVE-2022-25857
8,0,0,jsonwebtoken,CWE-20,guava,2026-01-26.4,CVE-2022-23529
8,1,0,lodash,CWE-77,Mailtest,2026-01-26.4,CVE-2021-23337
8,1,0,openssl,CWE-502,smob,2026-01-26.1,CVE-2022-42003
8,0,0,org.yaml/snakeyaml,CWE-20,guava,2026-01-26.4,CVE-2022-23529
8,0,0,org.springframework/spring-core,CWE-20,elasticsearch,2026-01-26.4,CVE-2022-23529
8,0,0,openssl,CWE-400,Mailtest,2026-01-26.4,CVE-2022-25857
8,1,0,org.springframework/spring-core,CWE-502,Mybinary,2026-01-26.4,CVE-2022-42003
8,0,0,org.yaml/snakeyaml,CWE-20,guava,2026-01-26.4,CVE-2022-23529
8,0,0,org.yaml/snakeyaml,CWE-400,Mybinary,2026-01-26.4,CVE-2022-25857
8,0,0,org.yaml/snakeyaml,CWE-400,guava,2026-01-26.4,CVE-2022-25857
8,0,0,jsonwebtoken,CWE-20,smob,2026-01-26.1,CVE-2022-23529
8,1,0,com.fasterxml.jackson.core/jackson-databind,CWE-502,elasticsearch,2026-01-26.4,CVE-2022-42003
8,0,0,org.springframework/spring-web,CWE-400,WebGoat,2026-01-26.2,CVE-2022-25857
8,0,0,org.yaml/snakeyaml,CWE-400,guava,2026-01-26.4,CVE-2022-25857
8,0,0,nginx,CWE-400,guava,2026-01-26.4,CVE-2022-25857
8,1,1,org.apache.logging.log4j/log4j-core,CWE-502,guava,2026-01-26.4,CVE-2021-45046
8,0,0,org.springframework/spring-web,CWE-20,Mailtest,2026-01-26.4,CVE-2022-23529
8,0,0,jsonwebtoken,CWE-20,smob,2026-01-26.1,CVE-2022-23529
8,1,0,jsonwebtoken,CWE-502,elasticsearch,2026-01-26.4,CVE-2022-42003
8,0,0,org.springframework/spring-web,CWE-400,nifi,2026-01-26.2,CVE-2022-25857
8,0,1,org.springframework/spring-core,CWE-120,spring-framework,2026-01-26.2,CVE-2022-3602
8,0,0,com.fasterxml.jackson.core/jackson-databind,CWE-20,nifi,2026-01-26.2,CVE-2022-23529
8,0,0,org.apache.commons/commons-text,CWE-20,nifi,2026-01-26.2,CVE-2022-23529
8,1,0,nginx,CWE-502,nifi,2026-01-26.2,CVE-2022-42003
8,1,0,lodash,CWE-77,smob,2026-01-26.1,CVE-2021-23337
8,0,1,org.apache.commons/commons-text,CWE-120,nifi,2026-01-26.2,CVE-2022-3602
8,0,0,com.fasterxml.jackson.core/jackson-databind,CWE-400,WebGoat,2026-01-26.2,CVE-2022-25857
8,1,0,lodash,CWE-77,guava,2026-01-26.4,CVE-2021-23337
8,0,0,openssl,CWE-20,WebGoat,2026-01-26.2,CVE-2022-23529
8,1,1,org.apache.logging.log4j/log4j-core,CWE-502,Mybinary,2026-01-26.4,CVE-2021-45046
8,1,1,jsonwebtoken,CWE-502,guava,2026-01-26.4,CVE-2021-45046
8,0,0,org.springframework/spring-core,CWE-400,WebGoat,2026-01-26.2,CVE-2022-25857
8,0,1,openssl,CWE-120,WebGoat,2026-01-26.2,CVE-2022-3602
8,1,0,org.springframework/spring-core,CWE-502,nifi,2026-01-26.2,CVE-2022-42003
8,0,0,org.apache.commons/commons-text,CWE-20,WebGoat,2026-01-26.2,CVE-2022-23529
8,0,0,jsonwebtoken,CWE-20,Mailtest,2026-01-26.4,CVE-2022-23529
8,1,0,openssl,CWE-77,smob,2026-01-26.1,CVE-2021-23337
8,0,0,jsonwebtoken,CWE-20,nifi,2026-01-26.2,CVE-2022-23529
8,1,1,openssl,CWE-502,spring-framework,2026-01-26.2,CVE-2021-45046
8,0,1,org.apache.commons/commons-text,CWE-120,smob,2026-01-26.1,CVE-2022-3602
8,0,0,sequelize,CWE-20,guava,2026-01-26.4,CVE-2022-23529
8,0,0,org.apache.commons/commons-text,CWE-400,smob,2026-01-26.1,CVE-2022-25857
8,1,0,com.fasterxml.jackson.core/jackson-databind,CWE-502,spring-framework,2026-01-26.2,CVE-2022-42003
8,1,0,com.fasterxml.jackson.core/jackson-databind,CWE-502,guava,2026-01-26.4,CVE-2022-42003
8,1,1,org.apache.logging.log4j/log4j-core,CWE-502,smob,2026-01-26.1,CVE-2021-45046
8,1,0,org.springframework/spring-core,CWE-77,smob,2026-01-26.1,CVE-2021-23337
8,0,1,openssl,CWE-120,guava,2026-01-26.4,CVE-2022-3602
8,1,0,lodash,CWE-77,WebGoat,2026-01-26.2,CVE-2021-23337
8,1,0,org.springframework/spring-web,CWE-77,Mailtest,2026-01-26.4,CVE-2021-23337
7,0,0,org.yaml/snakeyaml,CWE-22,spring-framework,2026-01-26.2,CVE-2022-24785
7,0,0,org.springframework.boot/spring-boot,CWE-20,elasticsearch,2026-01-26.4,CVE-2021-45105
7,0,0,com.fasterxml.jackson.core/jackson-databind,CWE-400,Mybinary,2026-01-26.4,CVE-2022-25857
7,0,0,org.apache.logging.log4j/log4j-core,CWE-20,spring-framework,2026-01-26.2,CVE-2021-45105
7,0,0,nginx,CWE-20,spring-framework,2026-01-26.2,CVE-2021-45105
7,1,0,com.fasterxml.jackson.core/jackson-databind,CWE-502,spring-framework,2026-01-26.2,CVE-2022-42003
7,0,0,sqlite,CWE-20,spring-framework,2026-01-26.2,CVE-2021-45105
7,0,0,moment,CWE-22,spring-framework,2026-01-26.2,CVE-2022-24785
7,0,1,openssl,CWE-120,spring-framework,2026-01-26.2,CVE-2022-3602
7,0,0,org.yaml/snakeyaml,CWE-400,spring-framework,2026-01-26.2,CVE-2022-25857
7,0,0,openssl,CWE-20,spring-framework,2026-01-26.2,CVE-2021-45105
7,0,0,org.yaml/snakeyaml,CWE-400,elasticsearch,2026-01-26.4,CVE-2022-25857
7,0,0,org.springframework.boot/spring-boot,CWE-22,spring-framework,2026-01-26.2,CVE-2022-24785
7,0,0,org.apache.logging.log4j/log4j-core,CWE-20,WebGoat,2026-01-26.2,CVE-2021-45105
7,0,0,org.apache.commons/commons-text,CWE-20,spring-framework,2026-01-26.2,CVE-2022-23529
7,1,0,com.fasterxml.jackson.core/jackson-databind,CWE-502,spring-framework,2026-01-26.2,CVE-2022-42003
7,0,0,lodash,CWE-20,spring-framework,2026-01-26.2,CVE-2021-45105
7,1,0,lodash,CWE-502,spring-framework,2026-01-26.2,CVE-2022-42003
7,0,0,jsonwebtoken,CWE-20,spring-framework,2026-01-26.2,CVE-2022-23529
7,0,1,lodash,CWE-120,spring-framework,2026-01-26.2,CVE-2022-3602
7,0,0,lodash,CWE-22,spring-framework,2026-01-26.2,CVE-2022-24785
7,1,0,org.springframework/spring-core,CWE-77,Mybinary,2026-01-26.4,CVE-2021-23337
7,0,0,redis,CWE-22,spring-framework,2026-01-26.2,CVE-2022-24785
7,0,0,org.bouncycastle/bcprov-jdk15on,CWE-22,Mybinary,2026-01-26.4,CVE-2022-24785
7,0,0,jsonwebtoken,CWE-22,Mybinary,2026-01-26.4,CVE-2022-24785
7,0,1,org.springframework/spring-core,CWE-120,Mybinary,2026-01-26.4,CVE-2022-3602
7,1,0,com.fasterxml.jackson.core/jackson-databind,CWE-502,Mybinary,2026-01-26.4,CVE-2022-42003
7,1,0,openssl,CWE-502,Mybinary,2026-01-26.4,CVE-2022-42003
7,0,0,org.springframework.boot/spring-boot,CWE-20,Mybinary,2026-01-26.4,CVE-2021-45105
7,1,0,com.fasterxml.jackson.core/jackson-databind,CWE-502,spring-framework,2026-01-26.2,CVE-2022-42003
7,0,0,org.yaml/snakeyaml,CWE-400,elasticsearch,2026-01-26.4,CVE-2022-25857
7,1,0,lodash,CWE-77,spring-framework,2026-01-26.2,CVE-2021-23337
7,0,1,com.fasterxml.jackson.core/jackson-databind,CWE-120,Mybinary,2026-01-26.4,CVE-2022-3602
7,1,0,org.apache.commons/commons-text,CWE-77,spring-framework,2026-01-26.2,CVE-2021-23337
7,1,0,lodash,CWE-77,smob,2026-01-26.1,CVE-2021-23337
7,0,0,sqlite,CWE-22,smob,2026-01-26.1,CVE-2022-24785
7,1,0,lodash,CWE-77,smob,2026-01-26.1,CVE-2021-23337
7,0,0,axios,CWE-20,guava,2026-01-26.4,CVE-2021-45105
7,1,0,sequelize,CWE-502,smob,2026-01-26.1,CVE-2022-42003
7,0,0,org.yaml/snakeyaml,CWE-400,Mailtest,2026-01-26.4,CVE-2022-25857
7,0,0,org.springframework/spring-core,CWE-22,smob,2026-01-26.1,CVE-2022-24785
7,0,0,jsonwebtoken,CWE-20,smob,2026-01-26.1,CVE-2022-23529
7,0,0,org.springframework/spring-core,CWE-22,smob,2026-01-26.1,CVE-2022-24785
7,1,0,lodash,CWE-77,smob,2026-01-26.1,CVE-2021-23337
7,0,0,org.apache.logging.log4j/log4j-api,CWE-22,smob,2026-01-26.1,CVE-2022-24785
7,0,1,com.fasterxml.jackson.core/jackson-databind,CWE-120,nifi,2026-01-26.2,CVE-2022-3602
7,1,0,org.yaml/snakeyaml,CWE-502,guava,2026-01-26.4,CVE-2022-42003
7,0,1,org.apache.commons/commons-text,CWE-120,nifi,2026-01-26.2,CVE-2022-3602
7,0,0,django,CWE-22,smob,2026-01-26.1,CVE-2022-24785
7,0,0,org.apache.logging.log4j/log4j-api,CWE-20,smob,2026-01-26.1,CVE-2021-45105
7,0,0,openssl,CWE-22,WebGoat,2026-01-26.2,CVE-2022-24785
7,1,0,com.fasterxml.jackson.core/jackson-databind,CWE-502,nifi,2026-01-26.2,CVE-2022-42003
7,0,0,org.springframework/spring-web,CWE-22,guava,2026-01-26.4,CVE-2022-24785
7,0,0,busybox,CWE-22,Mailtest,2026-01-26.4,CVE-2022-24785
7,1,0,org.springframework/spring-core,CWE-77,nifi,2026-01-26.2,CVE-2021-23337
7,0,0,org.springframework/spring-core,CWE-20,nifi,2026-01-26.2,CVE-2021-45105
7,0,1,nginx,CWE-120,WebGoat,2026-01-26.2,CVE-2022-3602
7,0,0,flask,CWE-20,nifi,2026-01-26.2,CVE-2021-45105
7,0,0,org.springframework/spring-core,CWE-20,WebGoat,2026-01-26.2,CVE-2022-23529
7,1,0,lodash,CWE-502,nifi,2026-01-26.2,CVE-2022-42003
7,1,0,lodash,CWE-502,nifi,2026-01-26.2,CVE-2022-42003
7,0,0,postgresql,CWE-20,smob,2026-01-26.1,CVE-2021-45105
7,0,0,moment,CWE-22,Mailtest,2026-01-26.4,CVE-2022-24785
7,0,0,requests,CWE-20,smob,2026-01-26.1,CVE-2021-45105
7,0,0,jsonwebtoken,CWE-20,WebGoat,2026-01-26.2,CVE-2022-23529
7,0,1,sequelize,CWE-120,nifi,2026-01-26.2,CVE-2022-3602
7,0,0,org.apache.commons/commons-text,CWE-400,nifi,2026-01-26.2,CVE-2022-25857
7,1,0,lodash,CWE-77,Mybinary,2026-01-26.4,CVE-2021-23337
7,0,1,org.springframework/spring-web,CWE-120,guava,2026-01-26.4,CVE-2022-3602
7,0,0,org.springframework/spring-core,CWE-20,smob,2026-01-26.1,CVE-2021-45105
7,0,0,nginx,CWE-22,Mailtest,2026-01-26.4,CVE-2022-24785
7,0,0,jsonwebtoken,CWE-20,smob,2026-01-26.1,CVE-2021-45105
7,1,0,jsonwebtoken,CWE-77,smob,2026-01-26.1,CVE-2021-23337
7,0,0,pillow,CWE-22,WebGoat,2026-01-26.2,CVE-2022-24785
7,0,0,org.yaml/snakeyaml,CWE-20,guava,2026-01-26.4,CVE-2021-45105
7,1,0,openssl,CWE-77,elasticsearch,2026-01-26.4,CVE-2021-23337
7,0,1,openssl,CWE-120,elasticsearch,2026-01-26.4,CVE-2022-3602
7,0,0,jsonwebtoken,CWE-20,WebGoat,2026-01-26.2,CVE-2022-23529
7,0,0,jsonwebtoken,CWE-400,WebGoat,2026-01-26.2,CVE-2022-25857
7,0,1,com.fasterxml.jackson.core/jackson-databind,CWE-120,elasticsearch,2026-01-26.4,CVE-2022-3602
7,0,1,com.fasterxml.jackson.core/jackson-databind,CWE-120,elasticsearch,2026-01-26.4,CVE-2022-3602
7,0,0,openssl,CWE-20,Mailtest,2026-01-26.4,CVE-2022-23529
7,1,0,openssl,CWE-77,smob,2026-01-26.1,CVE-2021-23337
7,0,0,busybox,CWE-20,smob,2026-01-26.1,CVE-2021-45105
7,0,0,libcurl,CWE-22,Mybinary,2026-01-26.4,CVE-2022-24785
7,0,0,axios,CWE-22,nifi,2026-01-26.2,CVE-2022-24785
7,0,0,org.yaml/snakeyaml,CWE-400,guava,2026-01-26.4,CVE-2022-25857
7,0,0,jsonwebtoken,CWE-20,elasticsearch,2026-01-26.4,CVE-2022-23529
7,1,0,com.fasterxml.jackson.core/jackson-databind,CWE-502,Mailtest,2026-01-26.4,CVE-2022-42003
7,0,0,pillow,CWE-20,smob,2026-01-26.1,CVE-2021-45105
7,0,0,org.apache.logging.log4j/log4j-core,CWE-20,elasticsearch,2026-01-26.4,CVE-2021-45105
7,0,0,jsonwebtoken,CWE-22,Mybinary,2026-01-26.4,CVE-2022-24785
7,0,0,jsonwebtoken,CWE-22,Mybinary,2026-01-26.4,CVE-2022-24785
7,1,0,org.springframework/spring-web,CWE-77,elasticsearch,2026-01-26.4,CVE-2021-23337
7,0,0,moment,CWE-22,Mailtest,2026-01-26.4,CVE-2022-24785
7,0,1,org.springframework/spring-web,CWE-120,Mailtest,2026-01-26.4,CVE-2022-3602
7,0,0,com.fasterxml.jackson.core/jackson-databind,CWE-20,smob,2026-01-26.1,CVE-2021-45105
7,0,0,jsonwebtoken,CWE-22,Mybinary,2026-01-26.4,CVE-2022-24785
7,1,0,openssl,CWE-77,WebGoat,2026-01-26.2,CVE-2021-23337
6,0,0,org.apache.logging.log4j/log4j-api,CWE-400,smob,2026-01-26.1,CVE-2022-41323
6,0,0,jsonwebtoken,CWE-1321,smob,2026-01-26.1,CVE-2022-24999
6,0,0,openssl,CWE-22,smob,2026-01-26.1,CVE-2022-24785
6,0,0,lodash,CWE-20,spring-framework,2026-01-26.2,CVE-2021-45105
6,1,0,lodash,CWE-77,smob,2026-01-26.1,CVE-2021-23337
6,0,0,lodash,CWE-20,smob,2026-01-26.1,CVE-2022-23529
6,0,0,lodash,CWE-1321,smob,2026-01-26.1,CVE-2022-24999
6,0,0,lodash,CWE-79,spring-framework,2026-01-26.2,CVE-2022-34305
6,0,0,django,CWE-22,smob,2026-01-26.1,CVE-2022-24785
6,0,0,moment,CWE-400,spring-framework,2026-01-26.2,CVE-2022-41323
6,0,0,org.apache.logging.log4j/log4j-api,CWE-400,smob,2026-01-26.1,CVE-2022-41323
6,0,0,jsonwebtoken,CWE-20,Mybinary,2026-01-26.4,CVE-2022-23529
6,0,0,jsonwebtoken,CWE-20,spring-framework,2026-01-26.2,CVE-2022-23529
6,0,0,django,CWE-400,Mybinary,2026-01-26.4,CVE-2022-41323
6,0,0,org.apache.tomcat.embed/tomcat-embed-core,CWE-1321,spring-framework,2026-01-26.2,CVE-2022-24999
6,0,0,openssl,CWE-1321,smob,2026-01-26.1,CVE-2022-24999
6,0,0,org.springframework/spring-core,CWE-400,Mybinary,2026-01-26.4,CVE-2022-41323
6,0,0,openssl,CWE-1321,smob,2026-01-26.1,CVE-2022-24999
6,0,0,org.apache.tomcat.embed/tomcat-embed-core,CWE-79,spring-framework,2026-01-26.2,CVE-2022-34305
6,0,0,postgresql,CWE-1321,smob,2026-01-26.1,CVE-2022-24999
6,0,0,django,CWE-20,spring-framework,2026-01-26.2,CVE-2021-45105
6,0,0,pillow,CWE-20,Mybinary,2026-01-26.4,CVE-2021-45105
6,0,0,pillow,CWE-79,smob,2026-01-26.1,CVE-2022-34305
6,0,0,libcurl,CWE-400,smob,2026-01-26.1,CVE-2022-41323
6,0,0,org.springframework/spring-core,CWE-22,smob,2026-01-26.1,CVE-2022-24785
6,0,0,postgresql,CWE-79,smob,2026-01-26.1,CVE-2022-34305
6,0,0,sequelize,CWE-20,Mybinary,2026-01-26.4,CVE-2021-45105
6,0,0,express,CWE-1321,spring-framework,2026-01-26.2,CVE-2022-24999
6,0,0,jsonwebtoken,CWE-20,smob,2026-01-26.1,CVE-2022-23529
6,1,0,jsonwebtoken,CWE-77,smob,2026-01-26.1,CVE-2021-23337
6,0,0,lodash,CWE-22,smob,2026-01-26.1,CVE-2022-24785
6,0,0,django,CWE-400,smob,2026-01-26.1,CVE-2022-41323
6,0,0,requests,CWE-79,spring-framework,2026-01-26.2,CVE-2022-34305
6,0,0,nginx,CWE-79,smob,2026-01-26.1,CVE-2022-34305
6,0,0,jsonwebtoken,CWE-20,smob,2026-01-26.1,CVE-2022-23529
6,0,0,org.springframework.boot/spring-boot,CWE-400,Mybinary,2026-01-26.4,CVE-2022-41323
6,0,0,pillow,CWE-1321,smob,2026-01-26.1,CVE-2022-24999
6,1,0,org.apache.logging.log4j/log4j-core,CWE-77,spring-framework,2026-01-26.2,CVE-2021-23337
6,0,0,linux-kernel,CWE-22,Mybinary,2026-01-26.4,CVE-2022-24785
6,0,0,sequelize,CWE-20,Mailtest,2026-01-26.4,CVE-2021-45105
6,0,0,org.springframework.boot/spring-boot,CWE-22,WebGoat,2026-01-26.2,CVE-2022-24785
6,0,0,org.apache.logging.log4j/log4j-api,CWE-1321,elasticsearch,2026-01-26.4,CVE-2022-24999
6,0,0,com.fasterxml.jackson.core/jackson-databind,CWE-20,WebGoat,2026-01-26.2,CVE-2021-45105
6,0,0,django,CWE-400,nifi,2026-01-26.2,CVE-2022-41323
6,0,0,moment,CWE-22,nifi,2026-01-26.2,CVE-2022-24785
6,0,0,busybox,CWE-20,nifi,2026-01-26.2,CVE-2021-45105
6,0,0,openssl,CWE-22,WebGoat,2026-01-26.2,CVE-2022-24785
6,0,0,com.fasterxml.jackson.core/jackson-databind,CWE-1321,nifi,2026-01-26.2,CVE-2022-24999
6,0,0,org.apache.tomcat.embed/tomcat-embed-core,CWE-79,nifi,2026-01-26.2,CVE-2022-34305
6,0,0,org.springframework.boot/spring-boot,CWE-1321,nifi,2026-01-26.2,CVE-2022-24999
6,0,0,org.apache.tomcat.embed/tomcat-embed-core,CWE-1321,WebGoat,2026-01-26.2,CVE-2022-24999
6,0,0,org.apache.tomcat.embed/tomcat-embed-core,CWE-400,WebGoat,2026-01-26.2,CVE-2022-41323
6,0,0,org.apache.tomcat.embed/tomcat-embed-core,CWE-79,WebGoat,2026-01-26.2,CVE-2022-34305
6,0,0,express,CWE-20,WebGoat,2026-01-26.2,CVE-2021-45105
6,0,0,express,CWE-1321,WebGoat,2026-01-26.2,CVE-2022-24999
6,0,0,org.springframework.boot/spring-boot,CWE-20,WebGoat,2026-01-26.2,CVE-2021-45105
6,0,0,glibc,CWE-400,elasticsearch,2026-01-26.4,CVE-2022-41323
6,0,0,org.apache.logging.log4j/log4j-api,CWE-1321,elasticsearch,2026-01-26.4,CVE-2022-24999
6,0,0,sqlite,CWE-20,elasticsearch,2026-01-26.4,CVE-2021-45105
6,1,0,lodash,CWE-77,elasticsearch,2026-01-26.4,CVE-2021-23337
6,0,0,org.apache.tomcat.embed/tomcat-embed-core,CWE-79,elasticsearch,2026-01-26.4,CVE-2022-34305
6,0,0,org.springframework.boot/spring-boot,CWE-79,WebGoat,2026-01-26.2,CVE-2022-34305
6,0,0,openssl,CWE-20,WebGoat,2026-01-26.2,CVE-2022-23529
6,0,0,jsonwebtoken,CWE-22,elasticsearch,2026-01-26.4,CVE-2022-24785
6,0,0,openssl,CWE-1321,WebGoat,2026-01-26.2,CVE-2022-24999
6,0,0,busybox,CWE-400,WebGoat,2026-01-26.2,CVE-2022-41323
6,0,0,libcurl,CWE-1321,elasticsearch,2026-01-26.4,CVE-2022-24999
6,0,0,libcurl,CWE-22,elasticsearch,2026-01-26.4,CVE-2022-24785
6,0,0,org.springframework/spring-web,CWE-20,elasticsearch,2026-01-26.4,CVE-2022-23529
6,0,0,requests,CWE-79,elasticsearch,2026-01-26.4,CVE-2022-34305
6,0,0,com.fasterxml.jackson.core/jackson-databind,CWE-20,WebGoat,2026-01-26.2,CVE-2021-45105
6,0,0,jsonwebtoken,CWE-20,nifi,2026-01-26.2,CVE-2021-45105
6,0,0,express,CWE-1321,nifi,2026-01-26.2,CVE-2022-24999
6,0,0,lodash,CWE-20,nifi,2026-01-26.2,CVE-2022-23529
6,0,0,jsonwebtoken,CWE-400,Mailtest,2026-01-26.4,CVE-2022-41323
6,0,0,org.apache.tomcat.embed/tomcat-embed-core,CWE-1321,guava,2026-01-26.4,CVE-2022-24999
6,0,0,openssl,CWE-20,Mailtest,2026-01-26.4,CVE-2022-23529
6,0,0,org.springframework/spring-web,CWE-400,Mailtest,2026-01-26.4,CVE-2022-41323
6,0,0,org.springframework/spring-web,CWE-400,Mailtest,2026-01-26.4,CVE-2022-41323
6,0,0,moment,CWE-22,Mailtest,2026-01-26.4,CVE-2022-24785
6,0,0,org.bouncycastle/bcprov-jdk15on,CWE-20,guava,2026-01-26.4,CVE-2021-45105
6,0,0,org.apache.logging.log4j/log4j-core,CWE-20,guava,2026-01-26.4,CVE-2022-23529
6,0,0,org.apache.logging.log4j/log4j-core,CWE-20,guava,2026-01-26.4,CVE-2021-45105
6,0,0,org.springframework/spring-web,CWE-1321,guava,2026-01-26.4,CVE-2022-24999
6,0,0,org.springframework/spring-core,CWE-400,Mailtest,2026-01-26.4,CVE-2022-41323
6,0,0,org.apache.logging.log4j/log4j-api,CWE-79,Mailtest,2026-01-26.4,CVE-2022-34305
6,0,0,express,CWE-1321,guava,2026-01-26.4,CVE-2022-24999
6,0,0,express,CWE-1321,Mailtest,2026-01-26.4,CVE-2022-24999
6,1,0,org.yaml/snakeyaml,CWE-77,guava,2026-01-26.4,CVE-2021-23337
6,0,0,org.springframework/spring-web,CWE-400,Mailtest,2026-01-26.4,CVE-2022-41323
6,1,0,org.springframework/spring-web,CWE-77,Mailtest,2026-01-26.4,CVE-2021-23337
6,0,0,busybox,CWE-400,Mailtest,2026-01-26.4,CVE-2022-41323
6,0,0,jsonwebtoken,CWE-20,Mailtest,2026-01-26.4,CVE-2022-23529
6,0,0,jsonwebtoken,CWE-20,guava,2026-01-26.4,CVE-2022-23529
6,0,0,pillow,CWE-1321,guava,2026-01-26.4,CVE-2022-24999
6,0,0,jsonwebtoken,CWE-1321,WebGoat,2026-01-26.2,CVE-2022-24999
6,0,0,linux-kernel,CWE-79,nifi,2026-01-26.2,CVE-2022-34305
6,0,0,sqlite,CWE-20,WebGoat,2026-01-26.2,CVE-2021-45105
6,1,0,lodash,CWE-77,nifi,2026-01-26.2,CVE-2021-23337
6,0,0,sqlite,CWE-400,WebGoat,2026-01-26.2,CVE-2022-41323
6,1,0,lodash,CWE-77,nifi,2026-01-26.2,CVE-2021-23337
6,0,0,django,CWE-400,elasticsearch,2026-01-26.4,CVE-2022-41323
6,0,0,org.apache.tomcat.embed/tomcat-embed-core,CWE-79,elasticsearch,2026-01-26.4,CVE-2022-34305
6,0,0,libcurl,CWE-1321,spring-framework,2026-01-26.2,CVE-2022-24999
6,0,0,redis,CWE-79,WebGoat,2026-01-26.2,CVE-2022-34305
6,0,0,axios,CWE-400,WebGoat,2026-01-26.2,CVE-2022-41323
6,0,0,postgresql,CWE-22,spring-framework,2026-01-26.2,CVE-2022-24785
6,0,0,jsonwebtoken,CWE-20,Mybinary,2026-01-26.4,CVE-2022-23529
6,0,0,postgresql,CWE-400,WebGoat,2026-01-26.2,CVE-2022-41323
6,0,0,org.springframework.boot/spring-boot,CWE-400,elasticsearch,2026-01-26.4,CVE-2022-41323
6,0,0,openssl,CWE-20,spring-framework,2026-01-26.2,CVE-2022-23529
6,0,0,zlib,CWE-22,spring-framework,2026-01-26.2,CVE-2022-24785
6,0,0,openssl,CWE-79,spring-framework,2026-01-26.2,CVE-2022-34305
6,0,0,openssl,CWE-20,spring-framework,2026-01-26.2,CVE-2021-45105
6,0,0,org.springframework.boot/spring-boot,CWE-400,spring-framework,2026-01-26.2,CVE-2022-41323
6,0,0,com.fasterxml.jackson.core/jackson-databind,CWE-1321,Mybinary,2026-01-26.4,CVE-2022-24999
6,0,0,org.springframework.boot/spring-boot,CWE-22,spring-framework,2026-01-26.2,CVE-2022-24785
6,0,0,linux-kernel,CWE-1321,WebGoat,2026-01-26.2,CVE-2022-24999
6,0,0,libcurl,CWE-400,spring-framework,2026-01-26.2,CVE-2022-41323
6,0,0,org.apache.logging.log4j/log4j-api,CWE-400,spring-framework,2026-01-26.2,CVE-2022-41323
6,0,0,org.springframework.boot/spring-boot,CWE-22,Mybinary,2026-01-26.4,CVE-2022-24785
6,0,0,linux-kernel,CWE-22,spring-framework,2026-01-26.2,CVE-2022-24785
6,1,0,lodash,CWE-77,spring-framework,2026-01-26.2,CVE-2021-23337
6,0,0,org.yaml/snakeyaml,CWE-79,Mybinary,2026-01-26.4,CVE-2022-34305
6,0,0,jsonwebtoken,CWE-20,Mybinary,2026-01-26.4,CVE-2021-45105
6,0,0,nginx,CWE-1321,spring-framework,2026-01-26.2,CVE-2022-24999
6,0,0,org.apache.logging.log4j/log4j-core,CWE-20,elasticsearch,2026-01-26.4,CVE-2021-45105
6,0,0,busybox,CWE-79,spring-framework,2026-01-26.2,CVE-2022-34305
6,0,0,com.fasterxml.jackson.core/jackson-databind,CWE-400,spring-framework,2026-01-26.2,CVE-2022-41323
6,0,0,linux-kernel,CWE-1321,elasticsearch,2026-01-26.4,CVE-2022-24999
6,0,0,com.fasterxml.jackson.core/jackson-databind,CWE-400,spring-framework,2026-01-26.2,CVE-2022-41323
6,0,0,moment,CWE-22,WebGoat,2026-01-26.2,CVE-2022-24785
6,0,0,org.springframework/spring-web,CWE-400,WebGoat,2026-01-26.2,CVE-2022-41323
6,0,0,org.springframework/spring-web,CWE-1321,WebGoat,2026-01-26.2,CVE-2022-24999
6,0,0,nginx,CWE-79,elasticsearch,2026-01-26.4,CVE-2022-34305
6,0,0,nginx,CWE-20,elasticsearch,2026-01-26.4,CVE-2021-45105
6,1,0,com.fasterxml.jackson.core/jackson-databind,CWE-77,spring-framework,2026-01-26.2,CVE-2021-23337
6,0,0,org.springframework.boot/spring-boot,CWE-22,elasticsearch,2026-01-26.4,CVE-2022-24785
6,0,0,com.fasterxml.jackson.core/jackson-databind,CWE-20,spring-framework,2026-01-26.2,CVE-2021-45105
6,1,0,org.yaml/snakeyaml,CWE-77,Mybinary,2026-01-26.4,CVE-2021-23337
6,0,0,express,CWE-1321,elasticsearch,2026-01-26.4,CVE-2022-24999
6,0,0,sqlite,CWE-22,Mybinary,2026-01-26.4,CVE-2022-24785
6,0,0,com.fasterxml.jackson.core/jackson-databind,CWE-400,Mybinary,2026-01-26.4,CVE-2022-41323
6,0,0,org.apache.logging.log4j/log4j-api,CWE-1321,Mybinary,2026-01-26.4,CVE-2022-24999
6,0,0,org.yaml/snakeyaml,CWE-79,WebGoat,2026-01-26.2,CVE-2022-34305
6,0,0,org.apache.logging.log4j/log4j-api,CWE-22,WebGoat,2026-01-26.2,CVE-2022-24785
5,0,0,moment,CWE-22,guava,2026-01-26.4,CVE-2022-24785
5,0,0,flask,CWE-125,guava,2026-01-26.4,CVE-2022-45198
5,0,0,pillow,CWE-125,guava,2026-01-26.4,CVE-2022-45198
5,0,0,linux-kernel,CWE-20,guava,2026-01-26.4,CVE-2021-45105
5,0,0,linux-kernel,CWE-1321,guava,2026-01-26.4,CVE-2022-24999
5,0,0,linux-kernel,CWE-79,guava,2026-01-26.4,CVE-2022-34305
5,0,0,glibc,CWE-79,guava,2026-01-26.4,CVE-2022-34305
5,0,0,org.springframework/spring-core,CWE-79,smob,2026-01-26.1,CVE-2022-34305
5,0,0,express,CWE-79,guava,2026-01-26.4,CVE-2022-34305
5,0,0,org.springframework/spring-core,CWE-22,smob,2026-01-26.1,CVE-2022-24785
5,0,0,org.apache.logging.log4j/log4j-core,CWE-20,Mybinary,2026-01-26.4,CVE-2021-45105
5,0,0,moment,CWE-125,guava,2026-01-26.4,CVE-2022-45198
5,0,0,org.apache.tomcat.embed/tomcat-embed-core,CWE-79,guava,2026-01-26.4,CVE-2022-34305
5,0,0,libcurl,CWE-125,Mybinary,2026-01-26.4,CVE-2022-45198
5,0,0,org.springframework.boot/spring-boot,CWE-125,guava,2026-01-26.4,CVE-2022-45198
5,0,0,postgresql,CWE-1321,smob,2026-01-26.1,CVE-2022-24999
5,0,0,moment,CWE-125,WebGoat,2026-01-26.2,CVE-2022-45198
5,0,0,libcurl,CWE-400,WebGoat,2026-01-26.2,CVE-2022-41323
5,0,0,pillow,CWE-125,WebGoat,2026-01-26.2,CVE-2022-45198
5,0,0,pillow,CWE-125,WebGoat,2026-01-26.2,CVE-2022-45198
5,0,0,com.fasterxml.jackson.core/jackson-databind,CWE-1321,WebGoat,2026-01-26.2,CVE-2022-24999
5,0,0,linux-kernel,CWE-22,Mybinary,2026-01-26.4,CVE-2022-24785
5,0,0,moment,CWE-22,Mybinary,2026-01-26.4,CVE-2022-24785
5,0,0,com.fasterxml.jackson.core/jackson-databind,CWE-79,WebGoat,2026-01-26.2,CVE-2022-34305
5,0,0,redis,CWE-22,Mybinary,2026-01-26.4,CVE-2022-24785
5,0,0,sequelize,CWE-20,WebGoat,2026-01-26.2,CVE-2021-45105
5,0,0,glibc,CWE-125,WebGoat,2026-01-26.2,CVE-2022-45198
5,0,0,express,CWE-400,WebGoat,2026-01-26.2,CVE-2022-41323
5,0,0,jsonwebtoken,CWE-20,smob,2026-01-26.1,CVE-2021-45105
5,0,0,org.springframework/spring-core,CWE-20,Mybinary,2026-01-26.4,CVE-2021-45105
5,0,0,org.apache.tomcat.embed/tomcat-embed-core,CWE-400,WebGoat,2026-01-26.2,CVE-2022-41323
5,0,0,postgresql,CWE-20,WebGoat,2026-01-26.2,CVE-2021-45105
5,0,0,sequelize,CWE-400,WebGoat,2026-01-26.2,CVE-2022-41323
5,0,0,redis,CWE-400,WebGoat,2026-01-26.2,CVE-2022-41323
5,0,0,openssl,CWE-400,WebGoat,2026-01-26.2,CVE-2022-41323
5,0,0,org.springframework/spring-web,CWE-79,Mybinary,2026-01-26.4,CVE-2022-34305
5,0,0,libcurl,CWE-1321,smob,2026-01-26.1,CVE-2022-24999
5,0,0,pillow,CWE-125,Mybinary,2026-01-26.4,CVE-2022-45198
5,0,0,linux-kernel,CWE-22,WebGoat,2026-01-26.2,CVE-2022-24785
5,0,0,axios,CWE-1321,smob,2026-01-26.1,CVE-2022-24999
5,0,0,django,CWE-400,smob,2026-01-26.1,CVE-2022-41323
5,0,0,libcurl,CWE-20,WebGoat,2026-01-26.2,CVE-2021-45105
5,0,0,pillow,CWE-125,smob,2026-01-26.1,CVE-2022-45198
5,0,0,django,CWE-400,Mybinary,2026-01-26.4,CVE-2022-41323
5,0,0,jsonwebtoken,CWE-22,Mybinary,2026-01-26.4,CVE-2022-24785
5,0,0,linux-kernel,CWE-79,Mybinary,2026-01-26.4,CVE-2022-34305
5,0,0,redis,CWE-1321,smob,2026-01-26.1,CVE-2022-24999
5,0,0,pillow,CWE-22,guava,2026-01-26.4,CVE-2022-24785
5,0,0,postgresql,CWE-20,Mailtest,2026-01-26.4,CVE-2021-45105
5,0,0,org.apache.tomcat.embed/tomcat-embed-core,CWE-79,nifi,2026-01-26.2,CVE-2022-34305
5,0,0,glibc,CWE-22,nifi,2026-01-26.2,CVE-2022-24785
5,0,0,busybox,CWE-79,nifi,2026-01-26.2,CVE-2022-34305
5,0,0,openssl,CWE-20,nifi,2026-01-26.2,CVE-2021-45105
5,0,0,org.springframework/spring-core,CWE-79,nifi,2026-01-26.2,CVE-2022-34305
5,0,0,org.springframework.boot/spring-boot,CWE-22,nifi,2026-01-26.2,CVE-2022-24785
5,0,0,org.apache.logging.log4j/log4j-core,CWE-20,spring-framework,2026-01-26.2,CVE-2021-45105
5,0,0,org.springframework/spring-core,CWE-1321,spring-framework,2026-01-26.2,CVE-2022-24999
5,0,0,com.fasterxml.jackson.core/jackson-databind,CWE-1321,spring-framework,2026-01-26.2,CVE-2022-24999
5,0,0,express,CWE-1321,spring-framework,2026-01-26.2,CVE-2022-24999
5,0,0,express,CWE-125,spring-framework,2026-01-26.2,CVE-2022-45198
5,0,0,org.bouncycastle/bcprov-jdk15on,CWE-79,nifi,2026-01-26.2,CVE-2022-34305
5,0,0,com.fasterxml.jackson.core/jackson-databind,CWE-1321,spring-framework,2026-01-26.2,CVE-2022-24999
5,0,0,pillow,CWE-125,nifi,2026-01-26.2,CVE-2022-45198
5,0,0,redis,CWE-22,nifi,2026-01-26.2,CVE-2022-24785
5,0,0,zlib,CWE-22,spring-framework,2026-01-26.2,CVE-2022-24785
5,0,0,libcurl,CWE-125,spring-framework,2026-01-26.2,CVE-2022-45198
5,0,0,org.apache.logging.log4j/log4j-core,CWE-20,spring-framework,2026-01-26.2,CVE-2021-45105
5,0,0,org.apache.logging.log4j/log4j-core,CWE-20,nifi,2026-01-26.2,CVE-2021-45105
5,0,0,sqlite,CWE-79,nifi,2026-01-26.2,CVE-2022-34305
5,0,0,moment,CWE-79,Mailtest,2026-01-26.4,CVE-2022-34305
5,0,0,django,CWE-400,spring-framework,2026-01-26.2,CVE-2022-41323
5,0,0,org.apache.logging.log4j/log4j-core,CWE-20,Mailtest,2026-01-26.4,CVE-2021-45105
5,0,0,django,CWE-20,spring-framework,2026-01-26.2,CVE-2021-45105
5,0,0,org.apache.tomcat.embed/tomcat-embed-core,CWE-22,spring-framework,2026-01-26.2,CVE-2022-24785
5,0,0,moment,CWE-79,spring-framework,2026-01-26.2,CVE-2022-34305
5,0,0,moment,CWE-1321,spring-framework,2026-01-26.2,CVE-2022-24999
5,0,0,moment,CWE-125,nifi,2026-01-26.2,CVE-2022-45198
5,0,0,busybox,CWE-125,nifi,2026-01-26.2,CVE-2022-45198
5,0,0,busybox,CWE-22,spring-framework,2026-01-26.2,CVE-2022-24785
5,0,0,jsonwebtoken,CWE-79,elasticsearch,2026-01-26.4,CVE-2022-34305
5,0,0,redis,CWE-22,elasticsearch,2026-01-26.4,CVE-2022-24785
5,0,0,requests,CWE-79,elasticsearch,2026-01-26.4,CVE-2022-34305
5,0,0,com.fasterxml.jackson.core/jackson-databind,CWE-1321,elasticsearch,2026-01-26.4,CVE-2022-24999
5,0,0,busybox,CWE-1321,elasticsearch,2026-01-26.4,CVE-2022-24999
5,0,0,express,CWE-1321,elasticsearch,2026-01-26.4,CVE-2022-24999
5,0,0,linux-kernel,CWE-1321,elasticsearch,2026-01-26.4,CVE-2022-24999
5,0,0,nginx,CWE-79,elasticsearch,2026-01-26.4,CVE-2022-34305
5,0,0,org.springframework/spring-web,CWE-22,elasticsearch,2026-01-26.4,CVE-2022-24785
5,0,0,pillow,CWE-125,elasticsearch,2026-01-26.4,CVE-2022-45198
5,0,0,zlib,CWE-1321,elasticsearch,2026-01-26.4,CVE-2022-24999
5,0,0,glibc,CWE-125,spring-framework,2026-01-26.2,CVE-2022-45198
5,0,0,moment,CWE-22,spring-framework,2026-01-26.2,CVE-2022-24785
5,0,0,moment,CWE-22,elasticsearch,2026-01-26.4,CVE-2022-24785
5,0,0,org.apache.tomcat.embed/tomcat-embed-core,CWE-400,spring-framework,2026-01-26.2,CVE-2022-41323
5,0,0,pillow,CWE-79,elasticsearch,2026-01-26.4,CVE-2022-34305
5,0,0,pillow,CWE-125,spring-framework,2026-01-26.2,CVE-2022-45198
5,0,0,sequelize,CWE-22,elasticsearch,2026-01-26.4,CVE-2022-24785
5,0,0,linux-kernel,CWE-20,spring-framework,2026-01-26.2,CVE-2021-45105
5,0,0,linux-kernel,CWE-400,spring-framework,2026-01-26.2,CVE-2022-41323
5,0,0,org.springframework.boot/spring-boot,CWE-400,nifi,2026-01-26.2,CVE-2022-41323
5,0,0,requests,CWE-1321,spring-framework,2026-01-26.2,CVE-2022-24999
5,0,0,requests,CWE-79,spring-framework,2026-01-26.2,CVE-2022-34305
5,0,0,django,CWE-400,spring-framework,2026-01-26.2,CVE-2022-41323
5,0,0,django,CWE-400,spring-framework,2026-01-26.2,CVE-2022-41323
5,0,0,django,CWE-22,spring-framework,2026-01-26.2,CVE-2022-24785
5,0,0,moment,CWE-22,nifi,2026-01-26.2,CVE-2022-24785
5,0,0,postgresql,CWE-20,Mailtest,2026-01-26.4,CVE-2021-45105
5,0,0,flask,CWE-20,elasticsearch,2026-01-26.4,CVE-2021-45105
5,0,0,org.bouncycastle/bcprov-jdk15on,CWE-125,smob,2026-01-26.1,CVE-2022-45198
5,0,0,nginx,CWE-1321,Mailtest,2026-01-26.4,CVE-2022-24999
5,0,0,org.apache.logging.log4j/log4j-api,CWE-400,smob,2026-01-26.1,CVE-2022-41323
5,0,0,openssl,CWE-400,Mailtest,2026-01-26.4,CVE-2022-41323
5,0,0,django,CWE-400,Mailtest,2026-01-26.4,CVE-2022-41323
5,0,0,express,CWE-1321,Mailtest,2026-01-26.4,CVE-2022-24999
5,0,0,sqlite,CWE-79,Mailtest,2026-01-26.4,CVE-2022-34305
5,0,0,com.fasterxml.jackson.core/jackson-databind,CWE-22,Mailtest,2026-01-26.4,CVE-2022-24785
5,0,0,moment,CWE-22,smob,2026-01-26.1,CVE-2022-24785
5,0,0,org.apache.logging.log4j/log4j-core,CWE-20,Mailtest,2026-01-26.4,CVE-2021-45105
5,0,0,org.springframework/spring-core,CWE-400,smob,2026-01-26.1,CVE-2022-41323
5,0,0,pillow,CWE-125,Mailtest,2026-01-26.4,CVE-2022-45198
5,0,0,django,CWE-400,smob,2026-01-26.1,CVE-2022-41323
5,0,0,jsonwebtoken,CWE-79,Mailtest,2026-01-26.4,CVE-2022-34305
5,0,0,requests,CWE-20,smob,2026-01-26.1,CVE-2021-45105
5,0,0,org.springframework/spring-core,CWE-400,smob,2026-01-26.1,CVE-2022-41323
5,0,0,jsonwebtoken,CWE-20,Mailtest,2026-01-26.4,CVE-2021-45105
5,0,0,org.springframework/spring-core,CWE-79,smob,2026-01-26.1,CVE-2022-34305
5,0,0,sqlite,CWE-125,smob,2026-01-26.1,CVE-2022-45198
5,0,0,org.apache.logging.log4j/log4j-api,CWE-20,Mailtest,2026-01-26.4,CVE-2021-45105
5,0,0,org.springframework/spring-core,CWE-20,smob,2026-01-26.1,CVE-2021-45105
5,0,0,org.springframework/spring-web,CWE-79,Mailtest,2026-01-26.4,CVE-2022-34305
5,0,0,org.yaml/snakeyaml,CWE-400,smob,2026-01-26.1,CVE-2022-41323
5,0,0,jsonwebtoken,CWE-1321,smob,2026-01-26.1,CVE-2022-24999
5,0,0,org.apache.logging.log4j/log4j-core,CWE-20,smob,2026-01-26.1,CVE-2021-45105
5,0,0,glibc,CWE-125,smob,2026-01-26.1,CVE-2022-45198
5,0,0,postgresql,CWE-22,smob,2026-01-26.1,CVE-2022-24785
5,0,0,org.springframework/spring-web,CWE-400,smob,2026-01-26.1,CVE-2022-41323
5,0,0,glibc,CWE-400,smob,2026-01-26.1,CVE-2022-41323
5,0,0,moment,CWE-400,Mailtest,2026-01-26.4,CVE-2022-41323
5,0,0,org.apache.tomcat.embed/tomcat-embed-core,CWE-79,Mailtest,2026-01-26.4,CVE-2022-34305
4,0,0,pillow,CWE-125,elasticsearch,2026-01-26.4,CVE-2022-45198
4,0,0,nginx,CWE-79,nifi,2026-01-26.2,CVE-2022-34305
4,0,0,nginx,CWE-400,nifi,2026-01-26.2,CVE-2020-28500
4,0,0,glibc,CWE-400,guava,2026-01-26.4,CVE-2022-41323
4,0,0,openssl,CWE-1321,WebGoat,2026-01-26.2,CVE-2022-24999
4,0,0,org.springframework.boot/spring-boot,CWE-400,WebGoat,2026-01-26.2,CVE-2020-28500
4,0,0,jsonwebtoken,CWE-125,elasticsearch,2026-01-26.4,CVE-2022-45198
4,0,0,glibc,CWE-1321,elasticsearch,2026-01-26.4,CVE-2022-24999
4,0,0,redis,CWE-400,elasticsearch,2026-01-26.4,CVE-2020-28500
4,0,0,requests,CWE-79,WebGoat,2026-01-26.2,CVE-2022-34305
4,0,0,requests,CWE-319,WebGoat,2026-01-26.2,CVE-2022-42916
4,0,0,org.apache.tomcat.embed/tomcat-embed-core,CWE-79,elasticsearch,2026-01-26.4,CVE-2022-34305
4,0,0,axios,CWE-400,elasticsearch,2026-01-26.4,CVE-2022-41323
4,0,0,org.springframework/spring-web,CWE-400,WebGoat,2026-01-26.2,CVE-2022-41323
4,0,0,jsonwebtoken,CWE-400,guava,2026-01-26.4,CVE-2020-28500
4,0,0,flask,CWE-400,elasticsearch,2026-01-26.4,CVE-2020-28500
4,0,0,linux-kernel,CWE-400,Mailtest,2026-01-26.4,CVE-2020-28500
4,0,0,sqlite,CWE-125,guava,2026-01-26.4,CVE-2022-45198
4,0,0,libcurl,CWE-1321,elasticsearch,2026-01-26.4,CVE-2022-24999
4,0,0,busybox,CWE-400,WebGoat,2026-01-26.2,CVE-2020-28500
4,0,0,django,CWE-400,guava,2026-01-26.4,CVE-2022-41323
4,0,0,jsonwebtoken,CWE-400,elasticsearch,2026-01-26.4,CVE-2022-41323
4,0,0,nginx,CWE-125,Mailtest,2026-01-26.4,CVE-2022-45198
4,0,0,org.bouncycastle/bcprov-jdk15on,CWE-125,WebGoat,2026-01-26.2,CVE-2022-45198
4,0,0,org.springframework.boot/spring-boot,CWE-1321,nifi,2026-01-26.2,CVE-2022-24999
4,0,0,busybox,CWE-1321,nifi,2026-01-26.2,CVE-2022-24999
4,0,0,flask,CWE-79,guava,2026-01-26.4,CVE-2022-34305
4,0,0,pillow,CWE-125,guava,2026-01-26.4,CVE-2022-45198
4,0,0,linux-kernel,CWE-400,nifi,2026-01-26.2,CVE-2022-41323
4,0,0,redis,CWE-1321,Mailtest,2026-01-26.4,CVE-2022-24999
4,0,0,org.apache.logging.log4j/log4j-api,CWE-1321,nifi,2026-01-26.2,CVE-2022-24999
4,0,0,openssl,CWE-319,guava,2026-01-26.4,CVE-2022-42916
4,0,0,org.apache.logging.log4j/log4j-api,CWE-319,Mailtest,2026-01-26.4,CVE-2022-42916
4,0,0,org.apache.tomcat.embed/tomcat-embed-core,CWE-79,elasticsearch,2026-01-26.4,CVE-2022-34305
4,0,0,express,CWE-400,guava,2026-01-26.4,CVE-2022-41323
4,0,0,org.apache.logging.log4j/log4j-api,CWE-400,Mailtest,2026-01-26.4,CVE-2022-41323
4,0,0,moment,CWE-125,guava,2026-01-26.4,CVE-2022-45198
4,0,0,glibc,CWE-79,WebGoat,2026-01-26.2,CVE-2022-34305
4,0,0,moment,CWE-1321,guava,2026-01-26.4,CVE-2022-24999
4,0,0,org.apache.tomcat.embed/tomcat-embed-core,CWE-79,guava,2026-01-26.4,CVE-2022-34305
4,0,0,busybox,CWE-319,Mailtest,2026-01-26.4,CVE-2022-42916
4,0,0,busybox,CWE-79,Mailtest,2026-01-26.4,CVE-2022-34305
4,0,0,django,CWE-400,Mailtest,2026-01-26.4,CVE-2022-41323
4,0,0,django,CWE-400,Mailtest,2026-01-26.4,CVE-2022-41323
4,0,0,express,CWE-125,Mailtest,2026-01-26.4,CVE-2022-45198
4,0,0,jsonwebtoken,CWE-319,Mailtest,2026-01-26.4,CVE-2022-42916
4,0,0,org.springframework/spring-web,CWE-400,guava,2026-01-26.4,CVE-2022-41323
4,0,0,requests,CWE-125,Mailtest,2026-01-26.4,CVE-2022-45198
4,0,0,libcurl,CWE-319,Mailtest,2026-01-26.4,CVE-2022-42916
4,0,0,org.springframework.boot/spring-boot,CWE-125,nifi,2026-01-26.2,CVE-2022-45198
4,0,0,busybox,CWE-400,guava,2026-01-26.4,CVE-2020-28500
4,0,0,libcurl,CWE-319,nifi,2026-01-26.2,CVE-2022-42916
4,0,0,express,CWE-1321,nifi,2026-01-26.2,CVE-2022-24999
4,0,0,org.yaml/snakeyaml,CWE-319,guava,2026-01-26.4,CVE-2022-42916
4,0,0,busybox,CWE-79,guava,2026-01-26.4,CVE-2022-34305
4,0,0,org.bouncycastle/bcprov-jdk15on,CWE-400,Mailtest,2026-01-26.4,CVE-2022-41323
4,0,0,org.bouncycastle/bcprov-jdk15on,CWE-1321,Mailtest,2026-01-26.4,CVE-2022-24999
4,0,0,django,CWE-79,Mailtest,2026-01-26.4,CVE-2022-34305
4,0,0,libcurl,CWE-319,guava,2026-01-26.4,CVE-2022-42916
4,0,0,requests,CWE-400,Mailtest,2026-01-26.4,CVE-2020-28500
4,0,0,org.springframework/spring-web,CWE-79,guava,2026-01-26.4,CVE-2022-34305
4,0,0,org.springframework.boot/spring-boot,CWE-125,WebGoat,2026-01-26.2,CVE-2022-45198
4,0,0,org.springframework.boot/spring-boot,CWE-125,nifi,2026-01-26.2,CVE-2022-45198
4,0,0,flask,CWE-400,nifi,2026-01-26.2,CVE-2022-41323
4,0,0,jsonwebtoken,CWE-400,nifi,2026-01-26.2,CVE-2022-41323
4,0,0,org.springframework/spring-core,CWE-79,WebGoat,2026-01-26.2,CVE-2022-34305
4,0,0,django,CWE-125,Mailtest,2026-01-26.4,CVE-2022-45198
4,0,0,lodash,CWE-400,nifi,2026-01-26.2,CVE-2020-28500
4,0,0,lodash,CWE-400,guava,2026-01-26.4,CVE-2020-28500
4,0,0,redis,CWE-319,elasticsearch,2026-01-26.4,CVE-2022-42916
4,0,0,com.fasterxml.jackson.core/jackson-databind,CWE-400,spring-framework,2026-01-26.2,CVE-2022-41323
4,0,0,flask,CWE-319,WebGoat,2026-01-26.2,CVE-2022-42916
4,0,0,redis,CWE-319,spring-framework,2026-01-26.2,CVE-2022-42916
4,0,0,axios,CWE-319,smob,2026-01-26.1,CVE-2022-42916
4,0,0,postgresql,CWE-1321,Mybinary,2026-01-26.4,CVE-2022-24999
4,0,0,org.apache.tomcat.embed/tomcat-embed-core,CWE-319,spring-framework,2026-01-26.2,CVE-2022-42916
4,0,0,org.springframework/spring-core,CWE-1321,Mybinary,2026-01-26.4,CVE-2022-24999
4,0,0,zlib,CWE-1321,smob,2026-01-26.1,CVE-2022-24999
4,0,0,flask,CWE-1321,Mybinary,2026-01-26.4,CVE-2022-24999
4,0,0,zlib,CWE-400,smob,2026-01-26.1,CVE-2020-28500
4,0,0,sequelize,CWE-400,spring-framework,2026-01-26.2,CVE-2020-28500
4,0,0,org.apache.tomcat.embed/tomcat-embed-core,CWE-79,spring-framework,2026-01-26.2,CVE-2022-34305
4,0,0,django,CWE-400,spring-framework,2026-01-26.2,CVE-2022-41323
4,0,0,django,CWE-1321,Mybinary,2026-01-26.4,CVE-2022-24999
4,0,0,org.apache.logging.log4j/log4j-api,CWE-400,smob,2026-01-26.1,CVE-2022-41323
4,0,0,org.springframework.boot/spring-boot,CWE-1321,Mybinary,2026-01-26.4,CVE-2022-24999
4,0,0,requests,CWE-319,spring-framework,2026-01-26.2,CVE-2022-42916
4,0,0,busybox,CWE-400,Mybinary,2026-01-26.4,CVE-2022-41323
4,0,0,org.springframework/spring-core,CWE-400,Mybinary,2026-01-26.4,CVE-2020-28500
4,0,0,express,CWE-1321,spring-framework,2026-01-26.2,CVE-2022-24999
4,0,0,libcurl,CWE-125,smob,2026-01-26.1,CVE-2022-45198
4,0,0,libcurl,CWE-319,spring-framework,2026-01-26.2,CVE-2022-42916
4,0,0,libcurl,CWE-319,smob,2026-01-26.1,CVE-2022-42916
4,0,0,postgresql,CWE-1321,spring-framework,2026-01-26.2,CVE-2022-24999
4,0,0,org.springframework/spring-core,CWE-319,spring-framework,2026-01-26.2,CVE-2022-42916
4,0,0,org.apache.logging.log4j/log4j-api,CWE-400,smob,2026-01-26.1,CVE-2020-28500
4,0,0,org.bouncycastle/bcprov-jdk15on,CWE-400,Mybinary,2026-01-26.4,CVE-2022-41323
4,0,0,org.apache.logging.log4j/log4j-api,CWE-125,smob,2026-01-26.1,CVE-2022-45198
4,0,0,lodash,CWE-400,smob,2026-01-26.1,CVE-2020-28500
4,0,0,express,CWE-1321,Mybinary,2026-01-26.4,CVE-2022-24999
4,0,0,glibc,CWE-319,Mybinary,2026-01-26.4,CVE-2022-42916
4,0,0,django,CWE-79,smob,2026-01-26.1,CVE-2022-34305
4,0,0,org.apache.logging.log4j/log4j-api,CWE-125,smob,2026-01-26.1,CVE-2022-45198
4,0,0,pillow,CWE-400,smob,2026-01-26.1,CVE-2020-28500
4,0,0,express,CWE-1321,smob,2026-01-26.1,CVE-2022-24999
4,0,0,django,CWE-400,WebGoat,2026-01-26.2,CVE-2022-41323
4,0,0,libcurl,CWE-319,Mybinary,2026-01-26.4,CVE-2022-42916
4,0,0,jsonwebtoken,CWE-79,Mybinary,2026-01-26.4,CVE-2022-34305
4,0,0,sequelize,CWE-125,Mybinary,2026-01-26.4,CVE-2022-45198
4,0,0,nginx,CWE-319,elasticsearch,2026-01-26.4,CVE-2022-42916
4,0,0,lodash,CWE-79,smob,2026-01-26.1,CVE-2022-34305
4,0,0,nginx,CWE-400,elasticsearch,2026-01-26.4,CVE-2020-28500
4,0,0,org.springframework/spring-core,CWE-400,smob,2026-01-26.1,CVE-2022-41323
4,0,0,django,CWE-400,smob,2026-01-26.1,CVE-2022-41323
4,0,0,sequelize,CWE-1321,WebGoat,2026-01-26.2,CVE-2022-24999
4,0,0,org.apache.logging.log4j/log4j-api,CWE-79,WebGoat,2026-01-26.2,CVE-2022-34305
4,0,0,org.bouncycastle/bcprov-jdk15on,CWE-79,elasticsearch,2026-01-26.4,CVE-2022-34305
4,0,0,linux-kernel,CWE-79,elasticsearch,2026-01-26.4,CVE-2022-34305
4,0,0,org.apache.logging.log4j/log4j-api,CWE-400,WebGoat,2026-01-26.2,CVE-2022-41323
4,0,0,zlib,CWE-400,WebGoat,2026-01-26.2,CVE-2020-28500
4,0,0,redis,CWE-319,elasticsearch,2026-01-26.4,CVE-2022-42916
4,0,0,org.apache.logging.log4j/log4j-api,CWE-400,smob,2026-01-26.1,CVE-2020-28500
4,0,0,org.apache.tomcat.embed/tomcat-embed-core,CWE-400,elasticsearch,2026-01-26.4,CVE-2020-28500
4,0,0,requests,CWE-125,elasticsearch,2026-01-26.4,CVE-2022-45198
4,0,0,org.yaml/snakeyaml,CWE-400,WebGoat,2026-01-26.2,CVE-2022-41323
4,0,0,org.apache.tomcat.embed/tomcat-embed-core,CWE-79,Mybinary,2026-01-26.4,CVE-2022-34305
4,0,0,openssl,CWE-125,smob,2026-01-26.1,CVE-2022-45198
4,0,0,postgresql,CWE-125,elasticsearch,2026-01-26.4,CVE-2022-45198
4,0,0,org.springframework.boot/spring-boot,CWE-400,elasticsearch,2026-01-26.4,CVE-2020-28500
4,0,0,openssl,CWE-1321,smob,2026-01-26.1,CVE-2022-24999
4,0,0,flask,CWE-125,WebGoat,2026-01-26.2,CVE-2022-45198
4,0,0,org.apache.tomcat.embed/tomcat-embed-core,CWE-79,smob,2026-01-26.1,CVE-2022-34305
4,0,0,pillow,CWE-125,smob,2026-01-26.1,CVE-2022-45198
4,0,0,org.springframework.boot/spring-boot,CWE-125,elasticsearch,2026-01-26.4,CVE-2022-45198
4,0,0,nginx,CWE-400,WebGoat,2026-01-26.2,CVE-2020-28500
4,0,0,org.springframework.boot/spring-boot,CWE-400,spring-framework,2026-01-26.2,CVE-2020-28500
4,0,0,requests,CWE-125,Mybinary,2026-01-26.4,CVE-2022-45198
3,0,0,django,CWE-319,smob,2026-01-26.1,CVE-2022-42916
3,0,0,requests,CWE-400,Mybinary,2026-01-26.4,CVE-2020-28500
3,0,0,postgresql,CWE-319,Mailtest,2026-01-26.4,CVE-2022-42916
3,0,0,libcurl,CWE-319,smob,2026-01-26.1,CVE-2022-42916
3,0,0,flask,CWE-319,Mybinary,2026-01-26.4,CVE-2022-42916
3,0,0,pillow,CWE-125,Mybinary,2026-01-26.4,CVE-2022-45198
3,0,0,org.springframework/spring-core,CWE-400,guava,2026-01-26.4,CVE-2020-28500
3,0,0,nginx,CWE-319,Mybinary,2026-01-26.4,CVE-2022-42916
3,0,0,nginx,CWE-125,smob,2026-01-26.1,CVE-2022-45198
3,0,0,lodash,CWE-400,Mybinary,2026-01-26.4,CVE-2020-28500
3,0,0,redis,CWE-319,Mailtest,2026-01-26.4,CVE-2022-42916
3,0,0,libcurl,CWE-319,Mybinary,2026-01-26.4,CVE-2022-42916
3,0,0,pillow,CWE-125,Mybinary,2026-01-26.4,CVE-2022-45198
3,0,0,org.apache.logging.log4j/log4j-api,CWE-125,Mailtest,2026-01-26.4,CVE-2022-45198
3,0,0,sequelize,CWE-400,Mybinary,2026-01-26.4,CVE-2020-28500
3,0,0,org.bouncycastle/bcprov-jdk15on,CWE-125,spring-framework,2026-01-26.2,CVE-2022-45198
3,0,0,org.bouncycastle/bcprov-jdk15on,CWE-400,guava,2026-01-26.4,CVE-2020-28500
3,0,0,openssl,CWE-400,Mailtest,2026-01-26.4,CVE-2020-28500
3,0,0,org.springframework/spring-core,CWE-319,smob,2026-01-26.1,CVE-2022-42916
3,0,0,jsonwebtoken,CWE-400,WebGoat,2026-01-26.2,CVE-2020-28500
3,0,0,org.apache.logging.log4j/log4j-api,CWE-400,WebGoat,2026-01-26.2,CVE-2020-28500
3,0,0,libcurl,CWE-319,elasticsearch,2026-01-26.4,CVE-2022-42916
3,0,0,openssl,CWE-319,WebGoat,2026-01-26.2,CVE-2022-42916
3,0,0,org.springframework.boot/spring-boot,CWE-319,elasticsearch,2026-01-26.4,CVE-2022-42916
3,0,0,moment,CWE-125,spring-framework,2026-01-26.2,CVE-2022-45198
3,0,0,org.bouncycastle/bcprov-jdk15on,CWE-400,WebGoat,2026-01-26.2,CVE-2020-28500
3,0,0,lodash,CWE-400,Mailtest,2026-01-26.4,CVE-2020-28500
3,0,0,libcurl,CWE-319,spring-framework,2026-01-26.2,CVE-2022-42916
3,0,0,org.apache.logging.log4j/log4j-api,CWE-400,elasticsearch,2026-01-26.4,CVE-2020-28500
3,0,0,glibc,CWE-125,WebGoat,2026-01-26.2,CVE-2022-45198
3,0,0,libcurl,CWE-125,spring-framework,2026-01-26.2,CVE-2022-45198
3,0,0,requests,CWE-319,nifi,2026-01-26.2,CVE-2022-42916
3,0,0,express,CWE-400,WebGoat,2026-01-26.2,CVE-2020-28500
3,0,0,axios,CWE-400,Mailtest,2026-01-26.4,CVE-2020-28500
3,0,0,jsonwebtoken,CWE-319,spring-framework,2026-01-26.2,CVE-2022-42916
3,0,0,org.springframework.boot/spring-boot,CWE-125,Mybinary,2026-01-26.4,CVE-2022-45198
3,0,0,flask,CWE-319,elasticsearch,2026-01-26.4,CVE-2022-42916
3,0,0,express,CWE-319,spring-framework,2026-01-26.2,CVE-2022-42916
3,0,0,express,CWE-400,nifi,2026-01-26.2,CVE-2020-28500
3,0,0,org.yaml/snakeyaml,CWE-400,spring-framework,2026-01-26.2,CVE-2020-28500
3,0,0,requests,CWE-400,smob,2026-01-26.1,CVE-2020-28500
3,0,0,sqlite,CWE-125,Mybinary,2026-01-26.4,CVE-2022-45198
3,0,0,axios,CWE-125,spring-framework,2026-01-26.2,CVE-2022-45198
3,0,0,org.apache.tomcat.embed/tomcat-embed-core,CWE-400,nifi,2026-01-26.2,CVE-2020-28500
3,0,0,pillow,CWE-125,smob,2026-01-26.1,CVE-2022-45198
3,0,0,busybox,CWE-319,nifi,2026-01-26.2,CVE-2022-42916
3,0,0,busybox,CWE-400,spring-framework,2026-01-26.2,CVE-2020-28500
3,0,0,busybox,CWE-400,Mybinary,2026-01-26.4,CVE-2020-28500
2,0,0,busybox,CWE-400,Mybinary,2026-01-26.4,CVE-2020-28500
2,0,0,sqlite,CWE-319,Mailtest,2026-01-26.4,CVE-2022-42916
2,0,0,lodash,CWE-400,smob,2026-01-26.1,CVE-2020-28500
2,0,0,linux-kernel,CWE-319,Mailtest,2026-01-26.4,CVE-2022-42916
2,0,0,busybox,CWE-400,Mybinary,2026-01-26.4,CVE-2020-28500
2,0,0,sqlite,CWE-319,WebGoat,2026-01-26.2,CVE-2022-42916
2,0,0,axios,CWE-400,smob,2026-01-26.1,CVE-2020-28500
2,0,0,org.apache.logging.log4j/log4j-api,CWE-400,Mailtest,2026-01-26.4,CVE-2020-28500
2,0,0,lodash,CWE-400,WebGoat,2026-01-26.2,CVE-2020-28500
2,0,0,express,CWE-319,elasticsearch,2026-01-26.4,CVE-2022-42916
2,0,0,org.bouncycastle/bcprov-jdk15on,CWE-319,elasticsearch,2026-01-26.4,CVE-2022-42916
2,0,0,linux-kernel,CWE-319,elasticsearch,2026-01-26.4,CVE-2022-42916
2,0,0,libcurl,CWE-319,WebGoat,2026-01-26.2,CVE-2022-42916
2,0,0,nginx,CWE-319,elasticsearch,2026-01-26.4,CVE-2022-42916
2,0,0,moment,CWE-400,spring-framework,2026-01-26.2,CVE-2020-28500
2,0,0,lodash,CWE-400,elasticsearch,2026-01-26.4,CVE-2020-28500
2,0,0,nginx,CWE-319,nifi,2026-01-26.2,CVE-2022-42916
2,0,0,nginx,CWE-400,nifi,2026-01-26.2,CVE-2020-28500
2,0,0,org.springframework.boot/spring-boot,CWE-319,Mybinary,2026-01-26.4,CVE-2022-42916
2,0,0,lodash,CWE-400,spring-framework,2026-01-26.2,CVE-2020-28500
2,0,0,nginx,CWE-319,spring-framework,2026-01-26.2,CVE-2022-42916
2,0,0,busybox,CWE-400,spring-framework,2026-01-26.2,CVE-2020-28500
2,0,0,libcurl,CWE-319,nifi,2026-01-26.2,CVE-2022-42916
2,0,0,axios,CWE-400,spring-framework,2026-01-26.2,CVE-2020-28500
2,0,0,org.springframework.boot/spring-boot,CWE-400,WebGoat,2026-01-26.2,CVE-2020-28500
2,0,0,org.yaml/snakeyaml,CWE-319,Mybinary,2026-01-26.4,CVE-2022-42916
2,0,0,org.springframework.boot/spring-boot,CWE-319,WebGoat,2026-01-26.2,CVE-2022-42916
2,0,0,sqlite,CWE-400,spring-framework,2026-01-26.2,CVE-2020-28500
2,0,0,lodash,CWE-400,spring-framework,2026-01-26.2,CVE-2020-28500
2,0,0,postgresql,CWE-400,nifi,2026-01-26.2,CVE-2020-28500
2,0,0,axios,CWE-400,guava,2026-01-26.4,CVE-2020-28500
2,0,0,sqlite,CWE-319,nifi,2026-01-26.2,CVE-2022-42916
2,0,0,libcurl,CWE-319,spring-framework,2026-01-26.2,CVE-2022-42916
2,0,0,libcurl,CWE-319,Mailtest,2026-01-26.4,CVE-2022-42916
2,0,0,sqlite,CWE-319,guava,2026-01-26.4,CVE-2022-42916
2,0,0,django,CWE-400,spring-framework,2026-01-26.2,CVE-2020-28500
2,0,0,redis,CWE-400,smob,2026-01-26.1,CVE-2020-28500
2,0,0,lodash,CWE-400,smob,2026-01-26.1,CVE-2020-28500
