Time,User,Event Type,Project
2026-02-02 00:39:00,diana@acme.com,FINDING_STATUS_CHANGED,guava
2026-02-01 05:47:00,charlie@acme.com,FINDING_STATUS_CHANGED,WebGoat
2026-01-31 22:34:00,bob@acme.com,FINDING_STATUS_CHANGED,Mailtest
2026-01-31 22:01:00,bob@acme.com,FINDING_STATUS_CHANGED,elasticsearch
2026-01-31 19:43:00,charlie@acme.com,REPORT_GENERATED,nifi
2026-01-31 18:38:00,charlie@acme.com,USER_LOGOUT,
2026-01-31 18:26:00,frank@acme.com,USER_LOGOUT,
2026-01-31 18:01:00,diana@acme.com,USER_LOGOUT,
2026-01-31 10:08:00,charlie@acme.com,USER_LOGIN,
2026-01-31 08:52:00,frank@acme.com,USER_LOGIN,
2026-01-31 08:26:00,diana@acme.com,USER_LOGIN,
2026-01-31 03:19:00,charlie@acme.com,FINDING_STATUS_CHANGED,Mybinary
2026-01-31 02:17:49,frank@acme.com,SCAN_COMPLETED,Mailtest
2026-01-31 02:17:49,frank@acme.com,SCAN_STARTED,Mailtest
2026-01-31 00:18:46,diana@acme.com,SCAN_COMPLETED,nifi
2026-01-31 00:18:46,diana@acme.com,SCAN_STARTED,nifi
2026-01-30 20:49:00,bob@acme.com,USER_LOGOUT,
2026-01-30 20:38:00,alice@acme.com,USER_LOGOUT,
2026-01-30 20:07:00,eve@acme.com,USER_LOGOUT,
2026-01-30 19:10:00,diana@acme.com,USER_LOGOUT,
2026-01-30 18:55:00,frank@acme.com,USER_LOGOUT,
2026-01-30 13:05:14,diana@acme.com,SCAN_COMPLETED,nifi
2026-01-30 13:05:14,diana@acme.com,SCAN_STARTED,nifi
2026-01-30 12:02:00,bob@acme.com,FINDING_STATUS_CHANGED,guava
2026-01-30 11:22:00,frank@acme.com,FINDING_STATUS_CHANGED,elasticsearch
2026-01-30 10:52:00,eve@acme.com,USER_LOGIN,
2026-01-30 09:09:00,diana@acme.com,USER_LOGIN,
2026-01-30 08:45:00,frank@acme.com,USER_LOGIN,
2026-01-30 07:29:49,charlie@acme.com,SCAN_ERROR,spring-framework
2026-01-30 07:29:35,charlie@acme.com,SCAN_STARTED,spring-framework
2026-01-30 07:25:00,alice@acme.com,USER_LOGIN,
2026-01-30 07:00:00,bob@acme.com,USER_LOGIN,
2026-01-30 04:43:18,alice@acme.com,SCAN_COMPLETED,spring-framework
2026-01-30 04:31:59,alice@acme.com,SCAN_STARTED,spring-framework
2026-01-30 01:25:06,eve@acme.com,SCAN_COMPLETED,Mailtest
2026-01-30 01:13:17,eve@acme.com,SCAN_STARTED,Mailtest
2026-01-30 00:48:02,frank@acme.com,SCAN_COMPLETED,spring-framework
2026-01-30 00:40:38,frank@acme.com,SCAN_STARTED,spring-framework
2026-01-29 22:31:18,alice@acme.com,SCAN_STARTED,guava
2026-01-29 22:31:18,alice@acme.com,SCAN_COMPLETED,guava
2026-01-29 20:53:00,eve@acme.com,USER_LOGOUT,
2026-01-29 20:23:00,diana@acme.com,USER_LOGOUT,
2026-01-29 19:51:00,bob@acme.com,USER_LOGOUT,
2026-01-29 18:58:00,charlie@acme.com,USER_LOGOUT,
2026-01-29 18:16:00,frank@acme.com,USER_LOGOUT,
2026-01-29 17:09:00,eve@acme.com,FINDING_STATUS_CHANGED,elasticsearch
2026-01-29 16:05:00,bob@acme.com,FINDING_STATUS_CHANGED,Mailtest
2026-01-29 15:18:27,diana@acme.com,SCAN_COMPLETED,guava
2026-01-29 15:05:30,diana@acme.com,SCAN_STARTED,guava
2026-01-29 14:34:21,eve@acme.com,SCAN_COMPLETED,elasticsearch
2026-01-29 14:26:03,eve@acme.com,SCAN_STARTED,elasticsearch
2026-01-29 10:55:00,frank@acme.com,USER_LOGIN,
2026-01-29 10:19:03,alice@acme.com,SCAN_ERROR,Mailtest
2026-01-29 10:16:20,alice@acme.com,SCAN_STARTED,Mailtest
2026-01-29 09:12:00,diana@acme.com,USER_LOGIN,
2026-01-29 08:43:00,bob@acme.com,USER_LOGIN,
2026-01-29 08:25:00,eve@acme.com,USER_LOGIN,
2026-01-29 08:01:00,charlie@acme.com,USER_LOGIN,
2026-01-29 05:35:55,alice@acme.com,SCAN_COMPLETED,smob
2026-01-29 05:30:33,alice@acme.com,SCAN_STARTED,smob
2026-01-28 22:15:00,diana@acme.com,FINDING_STATUS_CHANGED,Mailtest
2026-01-28 20:34:00,bob@acme.com,REPORT_GENERATED,elasticsearch
2026-01-28 20:14:24,alice@acme.com,SCAN_COMPLETED,spring-framework
2026-01-28 20:09:58,alice@acme.com,SCAN_STARTED,spring-framework
2026-01-28 19:50:44,alice@acme.com,SCAN_ERROR,elasticsearch
2026-01-28 19:47:52,alice@acme.com,SCAN_STARTED,elasticsearch
2026-01-28 19:42:00,charlie@acme.com,REPORT_GENERATED,guava
2026-01-28 19:29:00,charlie@acme.com,USER_LOGOUT,
2026-01-28 19:20:00,eve@acme.com,USER_LOGOUT,
2026-01-28 18:40:00,diana@acme.com,USER_LOGOUT,
2026-01-28 18:37:13,bob@acme.com,SCAN_COMPLETED,elasticsearch
2026-01-28 18:37:01,bob@acme.com,SCAN_STARTED,elasticsearch
2026-01-28 18:33:00,bob@acme.com,USER_LOGOUT,
2026-01-28 18:00:00,alice@acme.com,USER_LOGOUT,
2026-01-28 15:47:00,diana@acme.com,REPORT_GENERATED,Mailtest
2026-01-28 13:47:20,diana@acme.com,SCAN_STARTED,elasticsearch
2026-01-28 13:47:20,diana@acme.com,SCAN_COMPLETED,elasticsearch
2026-01-28 12:17:32,frank@acme.com,SCAN_STARTED,spring-framework
2026-01-28 12:17:32,frank@acme.com,SCAN_COMPLETED,spring-framework
2026-01-28 10:50:00,alice@acme.com,USER_LOGIN,
2026-01-28 10:12:00,eve@acme.com,USER_LOGIN,
2026-01-28 07:48:00,diana@acme.com,USER_LOGIN,
2026-01-28 07:22:00,charlie@acme.com,USER_LOGIN,
2026-01-28 07:07:00,bob@acme.com,USER_LOGIN,
2026-01-28 02:42:00,eve@acme.com,FINDING_STATUS_CHANGED,WebGoat
2026-01-27 20:59:00,frank@acme.com,USER_LOGOUT,
2026-01-27 20:50:00,eve@acme.com,USER_LOGOUT,
2026-01-27 19:56:18,diana@acme.com,SCAN_COMPLETED,nifi
2026-01-27 19:47:06,diana@acme.com,SCAN_STARTED,nifi
2026-01-27 18:58:00,diana@acme.com,USER_LOGOUT,
2026-01-27 18:19:00,bob@acme.com,USER_LOGOUT,
2026-01-27 17:52:00,alice@acme.com,USER_LOGOUT,
2026-01-27 16:31:00,alice@acme.com,FINDING_STATUS_CHANGED,smob
2026-01-27 15:29:41,charlie@acme.com,SCAN_COMPLETED,spring-framework
2026-01-27 15:18:02,charlie@acme.com,SCAN_STARTED,spring-framework
2026-01-27 14:19:55,diana@acme.com,SCAN_ERROR,Mybinary
2026-01-27 14:19:55,diana@acme.com,SCAN_STARTED,Mybinary
2026-01-27 12:31:00,charlie@acme.com,FINDING_STATUS_CHANGED,nifi
2026-01-27 11:45:00,frank@acme.com,FINDING_STATUS_CHANGED,Mailtest
2026-01-27 10:40:00,eve@acme.com,USER_LOGIN,
2026-01-27 10:30:00,frank@acme.com,USER_LOGIN,
2026-01-27 09:19:00,bob@acme.com,USER_LOGIN,
2026-01-27 08:59:35,alice@acme.com,SCAN_COMPLETED,spring-framework
2026-01-27 08:55:00,diana@acme.com,USER_LOGIN,
2026-01-27 08:50:50,alice@acme.com,SCAN_STARTED,spring-framework
2026-01-27 08:22:00,charlie@acme.com,FINDING_STATUS_CHANGED,smob
2026-01-27 07:17:00,alice@acme.com,USER_LOGIN,
2026-01-27 07:11:35,eve@acme.com,SCAN_COMPLETED,Mybinary
2026-01-27 07:11:35,eve@acme.com,SCAN_STARTED,Mybinary
2026-01-26 23:35:00,charlie@acme.com,FINDING_STATUS_CHANGED,spring-framework
2026-01-26 22:44:00,charlie@acme.com,FINDING_STATUS_CHANGED,elasticsearch
2026-01-26 20:55:00,bob@acme.com,FINDING_STATUS_CHANGED,WebGoat
2026-01-26 20:41:00,alice@acme.com,FINDING_STATUS_CHANGED,elasticsearch
2026-01-26 20:19:00,bob@acme.com,USER_LOGOUT,
2026-01-26 19:01:00,charlie@acme.com,USER_LOGOUT,
2026-01-26 18:23:00,alice@acme.com,USER_LOGOUT,
2026-01-26 17:44:00,diana@acme.com,USER_LOGOUT,
2026-01-26 17:34:00,frank@acme.com,USER_LOGOUT,
2026-01-26 17:08:17,bob@acme.com,SCAN_STARTED,guava
2026-01-26 17:08:17,bob@acme.com,SCAN_ERROR,guava
2026-01-26 14:39:29,bob@acme.com,SCAN_COMPLETED,smob
2026-01-26 14:21:11,bob@acme.com,SCAN_STARTED,smob
2026-01-26 10:45:00,charlie@acme.com,USER_LOGIN,
2026-01-26 10:30:00,charlie@acme.com,FINDING_STATUS_CHANGED,Mailtest
2026-01-26 09:57:00,frank@acme.com,USER_LOGIN,
2026-01-26 09:56:00,alice@acme.com,USER_LOGIN,
2026-01-26 08:16:00,bob@acme.com,USER_LOGIN,
2026-01-26 07:53:00,diana@acme.com,USER_LOGIN,
2026-01-26 07:07:35,bob@acme.com,SCAN_COMPLETED,smob
2026-01-26 07:07:35,bob@acme.com,SCAN_STARTED,smob
2026-01-26 04:43:20,bob@acme.com,SCAN_COMPLETED,Mailtest
2026-01-26 04:40:55,bob@acme.com,SCAN_STARTED,Mailtest
2026-01-26 02:43:45,alice@acme.com,SCAN_COMPLETED,guava
2026-01-26 02:36:40,alice@acme.com,SCAN_STARTED,guava
2026-01-26 00:00:00,bob@acme.com,FINDING_STATUS_CHANGED,elasticsearch
2026-01-25 20:16:00,diana@acme.com,USER_LOGOUT,
2026-01-25 19:44:00,bob@acme.com,USER_LOGOUT,
2026-01-25 17:32:00,charlie@acme.com,FINDING_STATUS_CHANGED,spring-framework
2026-01-25 17:11:00,eve@acme.com,USER_LOGOUT,
2026-01-25 15:09:00,charlie@acme.com,REPORT_GENERATED,spring-framework
2026-01-25 15:05:00,charlie@acme.com,FINDING_STATUS_CHANGED,smob
2026-01-25 15:03:00,alice@acme.com,FINDING_STATUS_CHANGED,smob
2026-01-25 10:13:00,eve@acme.com,USER_LOGIN,
2026-01-25 08:17:00,diana@acme.com,USER_LOGIN,
2026-01-25 07:31:00,bob@acme.com,USER_LOGIN,
2026-01-25 06:47:30,frank@acme.com,SCAN_COMPLETED,Mailtest
2026-01-25 06:47:30,frank@acme.com,SCAN_STARTED,Mailtest
2026-01-25 03:53:12,diana@acme.com,SCAN_COMPLETED,Mailtest
2026-01-25 03:53:12,diana@acme.com,SCAN_STARTED,Mailtest
2026-01-25 00:58:00,frank@acme.com,FINDING_STATUS_CHANGED,smob
2026-01-24 23:48:00,alice@acme.com,FINDING_STATUS_CHANGED,Mybinary
2026-01-24 22:01:00,bob@acme.com,FINDING_STATUS_CHANGED,spring-framework
2026-01-24 19:21:00,diana@acme.com,USER_LOGOUT,
2026-01-24 17:59:00,eve@acme.com,REPORT_GENERATED,Mailtest
2026-01-24 17:33:00,frank@acme.com,USER_LOGOUT,
2026-01-24 17:25:00,charlie@acme.com,FINDING_STATUS_CHANGED,WebGoat
2026-01-24 17:15:00,alice@acme.com,USER_LOGOUT,
2026-01-24 16:36:27,bob@acme.com,SCAN_COMPLETED,smob
2026-01-24 16:22:27,bob@acme.com,SCAN_STARTED,smob
2026-01-24 14:00:00,diana@acme.com,FINDING_STATUS_CHANGED,spring-framework
2026-01-24 09:31:00,alice@acme.com,USER_LOGIN,
2026-01-24 08:15:00,frank@acme.com,USER_LOGIN,
2026-01-24 07:49:00,diana@acme.com,USER_LOGIN,
2026-01-24 07:07:46,bob@acme.com,SCAN_COMPLETED,spring-framework
2026-01-24 07:07:46,bob@acme.com,SCAN_STARTED,spring-framework
2026-01-23 19:55:00,diana@acme.com,USER_LOGOUT,
2026-01-23 19:42:00,frank@acme.com,USER_LOGOUT,
2026-01-23 19:42:00,alice@acme.com,USER_LOGOUT,
2026-01-23 18:31:00,frank@acme.com,FINDING_STATUS_CHANGED,guava
2026-01-23 17:55:00,eve@acme.com,USER_LOGOUT,
2026-01-23 17:46:00,bob@acme.com,USER_LOGOUT,
2026-01-23 15:54:33,bob@acme.com,SCAN_COMPLETED,elasticsearch
2026-01-23 15:35:48,bob@acme.com,SCAN_STARTED,elasticsearch
2026-01-23 14:36:39,charlie@acme.com,SCAN_COMPLETED,Mybinary
2026-01-23 14:36:39,charlie@acme.com,SCAN_STARTED,Mybinary
2026-01-23 14:01:00,alice@acme.com,REPORT_GENERATED,nifi
2026-01-23 11:54:00,alice@acme.com,REPORT_GENERATED,Mybinary
2026-01-23 10:50:00,eve@acme.com,USER_LOGIN,
2026-01-23 08:41:00,bob@acme.com,USER_LOGIN,
2026-01-23 08:35:00,diana@acme.com,SCAN_STARTED,Mybinary
2026-01-23 08:35:00,diana@acme.com,SCAN_ERROR,Mybinary
2026-01-23 08:33:00,alice@acme.com,REPORT_GENERATED,spring-framework
2026-01-23 07:57:00,frank@acme.com,USER_LOGIN,
2026-01-23 07:25:44,alice@acme.com,SCAN_COMPLETED,spring-framework
2026-01-23 07:25:44,alice@acme.com,SCAN_STARTED,spring-framework
2026-01-23 07:20:00,diana@acme.com,USER_LOGIN,
2026-01-23 07:16:00,alice@acme.com,USER_LOGIN,
2026-01-23 06:43:00,eve@acme.com,FINDING_STATUS_CHANGED,smob
2026-01-23 05:37:07,charlie@acme.com,SCAN_ERROR,elasticsearch
2026-01-23 05:31:13,charlie@acme.com,SCAN_STARTED,elasticsearch
2026-01-23 00:33:00,bob@acme.com,FINDING_STATUS_CHANGED,smob
2026-01-22 23:42:14,charlie@acme.com,SCAN_COMPLETED,Mailtest
2026-01-22 23:37:17,charlie@acme.com,SCAN_STARTED,Mailtest
2026-01-22 20:41:00,eve@acme.com,USER_LOGOUT,
2026-01-22 20:21:13,alice@acme.com,SCAN_COMPLETED,Mybinary
2026-01-22 20:17:00,bob@acme.com,USER_LOGOUT,
2026-01-22 20:15:06,alice@acme.com,SCAN_STARTED,Mybinary
2026-01-22 19:43:00,charlie@acme.com,USER_LOGOUT,
2026-01-22 19:29:00,frank@acme.com,USER_LOGOUT,
2026-01-22 17:09:00,diana@acme.com,USER_LOGOUT,
2026-01-22 16:41:17,charlie@acme.com,SCAN_STARTED,guava
2026-01-22 16:41:17,charlie@acme.com,SCAN_COMPLETED,guava
2026-01-22 15:13:22,alice@acme.com,SCAN_COMPLETED,nifi
2026-01-22 15:06:27,alice@acme.com,SCAN_STARTED,nifi
2026-01-22 13:42:23,alice@acme.com,SCAN_COMPLETED,smob
2026-01-22 13:42:23,alice@acme.com,SCAN_STARTED,smob
2026-01-22 10:35:00,eve@acme.com,USER_LOGIN,
2026-01-22 10:09:00,alice@acme.com,FINDING_STATUS_CHANGED,elasticsearch
2026-01-22 09:41:00,charlie@acme.com,USER_LOGIN,
2026-01-22 08:25:00,diana@acme.com,USER_LOGIN,
2026-01-22 08:01:00,frank@acme.com,USER_LOGIN,
2026-01-22 07:40:00,bob@acme.com,USER_LOGIN,
2026-01-22 06:44:00,alice@acme.com,FINDING_STATUS_CHANGED,WebGoat
2026-01-22 05:58:00,charlie@acme.com,FINDING_STATUS_CHANGED,Mailtest
2026-01-22 03:38:00,bob@acme.com,FINDING_STATUS_CHANGED,spring-framework
2026-01-22 02:40:00,bob@acme.com,FINDING_STATUS_CHANGED,spring-framework
2026-01-22 00:34:00,alice@acme.com,FINDING_STATUS_CHANGED,smob
2026-01-21 23:57:44,diana@acme.com,SCAN_COMPLETED,guava
2026-01-21 23:45:07,diana@acme.com,SCAN_STARTED,guava
2026-01-21 23:38:23,alice@acme.com,SCAN_COMPLETED,Mybinary
2026-01-21 23:34:03,alice@acme.com,SCAN_STARTED,Mybinary
2026-01-21 20:42:00,charlie@acme.com,USER_LOGOUT,
2026-01-21 20:17:00,frank@acme.com,USER_LOGOUT,
2026-01-21 18:36:00,diana@acme.com,USER_LOGOUT,
2026-01-21 18:28:04,charlie@acme.com,SCAN_COMPLETED,guava
2026-01-21 18:15:00,bob@acme.com,USER_LOGOUT,
2026-01-21 18:13:29,charlie@acme.com,SCAN_STARTED,guava
2026-01-21 17:33:00,alice@acme.com,USER_LOGOUT,
2026-01-21 10:59:00,alice@acme.com,USER_LOGIN,
2026-01-21 10:41:00,bob@acme.com,REPORT_GENERATED,spring-framework
2026-01-21 10:39:00,alice@acme.com,FINDING_STATUS_CHANGED,smob
2026-01-21 10:16:00,charlie@acme.com,USER_LOGIN,
2026-01-21 10:13:00,frank@acme.com,USER_LOGIN,
2026-01-21 09:36:43,diana@acme.com,SCAN_COMPLETED,guava
2026-01-21 09:36:43,diana@acme.com,SCAN_STARTED,guava
2026-01-21 08:56:00,diana@acme.com,USER_LOGIN,
2026-01-21 08:23:00,bob@acme.com,USER_LOGIN,
2026-01-21 06:53:01,alice@acme.com,SCAN_COMPLETED,elasticsearch
2026-01-21 06:53:01,alice@acme.com,SCAN_STARTED,elasticsearch
2026-01-20 21:43:51,alice@acme.com,SCAN_COMPLETED,Mailtest
2026-01-20 21:43:51,alice@acme.com,SCAN_STARTED,Mailtest
2026-01-20 20:51:00,frank@acme.com,USER_LOGOUT,
2026-01-20 20:14:06,frank@acme.com,SCAN_COMPLETED,Mailtest
2026-01-20 19:57:14,frank@acme.com,SCAN_STARTED,Mailtest
2026-01-20 19:50:00,diana@acme.com,USER_LOGOUT,
2026-01-20 19:32:00,charlie@acme.com,USER_LOGOUT,
2026-01-20 19:20:00,bob@acme.com,FINDING_STATUS_CHANGED,smob
2026-01-20 19:04:00,bob@acme.com,USER_LOGOUT,
2026-01-20 18:33:00,eve@acme.com,FINDING_STATUS_CHANGED,Mybinary
2026-01-20 18:31:00,bob@acme.com,FINDING_STATUS_CHANGED,Mybinary
2026-01-20 17:45:00,alice@acme.com,USER_LOGOUT,
2026-01-20 17:02:13,alice@acme.com,SCAN_ERROR,spring-framework
2026-01-20 17:01:58,alice@acme.com,SCAN_STARTED,spring-framework
2026-01-20 11:48:00,bob@acme.com,FINDING_STATUS_CHANGED,Mailtest
2026-01-20 11:05:19,bob@acme.com,SCAN_COMPLETED,nifi
2026-01-20 10:48:56,bob@acme.com,SCAN_STARTED,nifi
2026-01-20 10:27:00,diana@acme.com,USER_LOGIN,
2026-01-20 08:39:00,alice@acme.com,USER_LOGIN,
2026-01-20 07:41:00,charlie@acme.com,USER_LOGIN,
2026-01-20 07:37:00,bob@acme.com,USER_LOGIN,
2026-01-20 07:19:00,frank@acme.com,USER_LOGIN,
2026-01-20 05:10:25,alice@acme.com,SCAN_COMPLETED,elasticsearch
2026-01-20 04:55:29,alice@acme.com,SCAN_STARTED,elasticsearch
2026-01-19 20:37:00,eve@acme.com,USER_LOGOUT,
2026-01-19 20:20:00,charlie@acme.com,USER_LOGOUT,
2026-01-19 19:10:00,bob@acme.com,USER_LOGOUT,
2026-01-19 18:31:00,frank@acme.com,USER_LOGOUT,
2026-01-19 17:55:00,alice@acme.com,FINDING_STATUS_CHANGED,spring-framework
2026-01-19 17:44:00,alice@acme.com,USER_LOGOUT,
2026-01-19 16:31:40,eve@acme.com,SCAN_COMPLETED,Mybinary
2026-01-19 16:31:40,eve@acme.com,SCAN_STARTED,Mybinary
2026-01-19 12:12:00,alice@acme.com,FINDING_STATUS_CHANGED,Mailtest
2026-01-19 11:36:06,charlie@acme.com,SCAN_COMPLETED,smob
2026-01-19 11:19:48,charlie@acme.com,SCAN_STARTED,smob
2026-01-19 10:17:00,eve@acme.com,USER_LOGIN,
2026-01-19 09:58:00,bob@acme.com,FINDING_STATUS_CHANGED,elasticsearch
2026-01-19 09:23:00,frank@acme.com,USER_LOGIN,
2026-01-19 08:21:20,frank@acme.com,SCAN_STARTED,elasticsearch
2026-01-19 08:21:20,frank@acme.com,SCAN_COMPLETED,elasticsearch
2026-01-19 08:21:00,bob@acme.com,USER_LOGIN,
2026-01-19 07:51:00,alice@acme.com,USER_LOGIN,
2026-01-19 07:20:00,charlie@acme.com,USER_LOGIN,
2026-01-19 04:45:13,bob@acme.com,SCAN_STARTED,guava
2026-01-19 04:45:13,bob@acme.com,SCAN_COMPLETED,guava
2026-01-19 04:18:00,charlie@acme.com,FINDING_STATUS_CHANGED,nifi
2026-01-19 03:59:00,charlie@acme.com,FINDING_STATUS_CHANGED,Mailtest
2026-01-19 01:16:33,diana@acme.com,SCAN_COMPLETED,nifi
2026-01-19 01:13:53,diana@acme.com,SCAN_STARTED,nifi
2026-01-19 00:52:00,frank@acme.com,FINDING_STATUS_CHANGED,WebGoat
2026-01-18 23:55:30,charlie@acme.com,SCAN_STARTED,Mailtest
2026-01-18 23:55:30,charlie@acme.com,SCAN_COMPLETED,Mailtest
2026-01-18 18:15:00,charlie@acme.com,USER_LOGOUT,
2026-01-18 18:01:00,frank@acme.com,USER_LOGOUT,
2026-01-18 17:55:00,diana@acme.com,USER_LOGOUT,
2026-01-18 14:56:25,diana@acme.com,SCAN_COMPLETED,Mailtest
2026-01-18 14:39:52,diana@acme.com,SCAN_STARTED,Mailtest
2026-01-18 13:08:00,alice@acme.com,FINDING_STATUS_CHANGED,WebGoat
2026-01-18 09:37:00,diana@acme.com,USER_LOGIN,
2026-01-18 09:07:00,frank@acme.com,USER_LOGIN,
2026-01-18 07:42:00,charlie@acme.com,USER_LOGIN,
2026-01-18 05:38:00,bob@acme.com,FINDING_STATUS_CHANGED,Mailtest
2026-01-17 20:22:00,alice@acme.com,USER_LOGOUT,
2026-01-17 18:53:00,charlie@acme.com,USER_LOGOUT,
2026-01-17 17:48:00,frank@acme.com,USER_LOGOUT,
2026-01-17 14:05:00,charlie@acme.com,FINDING_STATUS_CHANGED,Mailtest
2026-01-17 09:24:00,alice@acme.com,USER_LOGIN,
2026-01-17 09:22:00,frank@acme.com,USER_LOGIN,
2026-01-17 07:37:00,charlie@acme.com,USER_LOGIN,
2026-01-17 07:15:16,alice@acme.com,SCAN_COMPLETED,elasticsearch
2026-01-17 07:11:51,alice@acme.com,SCAN_STARTED,elasticsearch
2026-01-17 03:29:08,bob@acme.com,SCAN_COMPLETED,Mailtest
2026-01-17 03:29:08,bob@acme.com,SCAN_STARTED,Mailtest
2026-01-16 23:42:00,diana@acme.com,FINDING_STATUS_CHANGED,spring-framework
2026-01-16 22:51:26,eve@acme.com,SCAN_COMPLETED,spring-framework
2026-01-16 22:44:24,eve@acme.com,SCAN_STARTED,spring-framework
2026-01-16 20:47:00,eve@acme.com,FINDING_STATUS_CHANGED,nifi
2026-01-16 20:42:00,charlie@acme.com,USER_LOGOUT,
2026-01-16 20:37:00,diana@acme.com,USER_LOGOUT,
2026-01-16 20:31:00,frank@acme.com,USER_LOGOUT,
2026-01-16 19:49:00,eve@acme.com,USER_LOGOUT,
2026-01-16 19:11:00,diana@acme.com,FINDING_STATUS_CHANGED,smob
2026-01-16 18:32:00,bob@acme.com,USER_LOGOUT,
2026-01-16 15:39:54,alice@acme.com,SCAN_STARTED,elasticsearch
2026-01-16 15:39:54,alice@acme.com,SCAN_COMPLETED,elasticsearch
2026-01-16 10:48:54,diana@acme.com,SCAN_COMPLETED,spring-framework
2026-01-16 10:39:00,eve@acme.com,USER_LOGIN,
2026-01-16 10:30:00,bob@acme.com,USER_LOGIN,
2026-01-16 10:29:28,diana@acme.com,SCAN_STARTED,spring-framework
2026-01-16 08:55:00,charlie@acme.com,REPORT_GENERATED,smob
2026-01-16 08:19:00,frank@acme.com,USER_LOGIN,
2026-01-16 07:47:34,alice@acme.com,SCAN_ERROR,nifi
2026-01-16 07:43:19,alice@acme.com,SCAN_STARTED,nifi
2026-01-16 07:36:00,charlie@acme.com,USER_LOGIN,
2026-01-16 07:25:00,diana@acme.com,USER_LOGIN,
2026-01-16 02:18:32,frank@acme.com,SCAN_COMPLETED,Mailtest
2026-01-16 02:18:32,frank@acme.com,SCAN_STARTED,Mailtest
2026-01-15 21:58:21,charlie@acme.com,SCAN_COMPLETED,WebGoat
2026-01-15 21:58:21,charlie@acme.com,SCAN_STARTED,WebGoat
2026-01-15 20:31:00,charlie@acme.com,USER_LOGOUT,
2026-01-15 20:28:00,diana@acme.com,USER_LOGOUT,
2026-01-15 18:35:00,bob@acme.com,USER_LOGOUT,
2026-01-15 17:52:29,alice@acme.com,SCAN_COMPLETED,spring-framework
2026-01-15 17:48:00,eve@acme.com,USER_LOGOUT,
2026-01-15 17:43:46,alice@acme.com,SCAN_STARTED,spring-framework
2026-01-15 17:24:00,alice@acme.com,USER_LOGOUT,
2026-01-15 16:19:42,frank@acme.com,SCAN_COMPLETED,guava
2026-01-15 16:19:42,frank@acme.com,SCAN_STARTED,guava
2026-01-15 14:52:00,charlie@acme.com,FINDING_STATUS_CHANGED,nifi
2026-01-15 14:45:00,alice@acme.com,FINDING_STATUS_CHANGED,smob
2026-01-15 13:42:24,diana@acme.com,SCAN_COMPLETED,nifi
2026-01-15 13:42:24,diana@acme.com,SCAN_STARTED,nifi
2026-01-15 12:45:03,diana@acme.com,SCAN_COMPLETED,guava
2026-01-15 12:35:53,diana@acme.com,SCAN_STARTED,guava
2026-01-15 10:20:00,diana@acme.com,USER_LOGIN,
2026-01-15 10:12:00,charlie@acme.com,USER_LOGIN,
2026-01-15 10:02:00,bob@acme.com,USER_LOGIN,
2026-01-15 09:34:00,eve@acme.com,USER_LOGIN,
2026-01-15 08:18:00,charlie@acme.com,FINDING_STATUS_CHANGED,smob
2026-01-15 07:27:00,alice@acme.com,USER_LOGIN,
2026-01-14 22:24:00,eve@acme.com,FINDING_STATUS_CHANGED,spring-framework
2026-01-14 22:12:00,diana@acme.com,FINDING_STATUS_CHANGED,Mybinary
2026-01-14 19:09:00,charlie@acme.com,USER_LOGOUT,
2026-01-14 18:40:00,eve@acme.com,USER_LOGOUT,
2026-01-14 17:53:00,frank@acme.com,USER_LOGOUT,
2026-01-14 17:43:00,diana@acme.com,FINDING_STATUS_CHANGED,nifi
2026-01-14 17:11:00,bob@acme.com,USER_LOGOUT,
2026-01-14 17:07:00,diana@acme.com,USER_LOGOUT,
2026-01-14 16:10:54,charlie@acme.com,SCAN_COMPLETED,nifi
2026-01-14 16:07:24,charlie@acme.com,SCAN_STARTED,nifi
2026-01-14 14:22:19,charlie@acme.com,SCAN_COMPLETED,elasticsearch
2026-01-14 14:22:19,charlie@acme.com,SCAN_STARTED,elasticsearch
2026-01-14 12:46:49,bob@acme.com,SCAN_COMPLETED,Mybinary
2026-01-14 12:43:53,bob@acme.com,SCAN_STARTED,Mybinary
2026-01-14 10:38:00,charlie@acme.com,USER_LOGIN,
2026-01-14 10:02:00,charlie@acme.com,FINDING_STATUS_CHANGED,Mybinary
2026-01-14 09:31:00,eve@acme.com,USER_LOGIN,
2026-01-14 08:49:00,diana@acme.com,USER_LOGIN,
2026-01-14 08:02:06,bob@acme.com,SCAN_COMPLETED,guava
2026-01-14 08:02:06,bob@acme.com,SCAN_STARTED,guava
2026-01-14 08:01:00,frank@acme.com,USER_LOGIN,
2026-01-14 07:31:00,bob@acme.com,USER_LOGIN,
2026-01-14 06:45:00,eve@acme.com,FINDING_STATUS_CHANGED,nifi
2026-01-14 06:25:21,bob@acme.com,SCAN_STARTED,Mybinary
2026-01-14 06:25:21,bob@acme.com,SCAN_COMPLETED,Mybinary
2026-01-14 05:59:00,charlie@acme.com,FINDING_STATUS_CHANGED,Mybinary
2026-01-14 05:30:00,bob@acme.com,FINDING_STATUS_CHANGED,smob
2026-01-14 03:20:00,diana@acme.com,FINDING_STATUS_CHANGED,spring-framework
2026-01-13 21:22:14,bob@acme.com,SCAN_COMPLETED,WebGoat
2026-01-13 21:06:22,bob@acme.com,SCAN_STARTED,WebGoat
2026-01-13 20:22:00,bob@acme.com,USER_LOGOUT,
2026-01-13 20:17:00,diana@acme.com,USER_LOGOUT,
2026-01-13 20:07:00,frank@acme.com,USER_LOGOUT,
2026-01-13 18:21:00,alice@acme.com,USER_LOGOUT,
2026-01-13 17:47:00,eve@acme.com,USER_LOGOUT,
2026-01-13 16:47:00,alice@acme.com,FINDING_STATUS_CHANGED,Mybinary
2026-01-13 13:11:23,diana@acme.com,SCAN_COMPLETED,WebGoat
2026-01-13 13:08:02,diana@acme.com,SCAN_STARTED,WebGoat
2026-01-13 10:44:00,eve@acme.com,USER_LOGIN,
2026-01-13 09:48:00,bob@acme.com,USER_LOGIN,
2026-01-13 08:53:00,diana@acme.com,USER_LOGIN,
2026-01-13 08:38:00,frank@acme.com,USER_LOGIN,
2026-01-13 08:28:00,bob@acme.com,FINDING_STATUS_CHANGED,spring-framework
2026-01-13 08:04:00,alice@acme.com,USER_LOGIN,
2026-01-13 07:52:00,bob@acme.com,FINDING_STATUS_CHANGED,WebGoat
2026-01-13 07:23:25,eve@acme.com,SCAN_ERROR,spring-framework
2026-01-13 07:17:10,eve@acme.com,SCAN_STARTED,spring-framework
2026-01-13 06:02:16,bob@acme.com,SCAN_COMPLETED,guava
2026-01-13 05:56:26,bob@acme.com,SCAN_STARTED,guava
2026-01-13 02:56:44,diana@acme.com,SCAN_COMPLETED,spring-framework
2026-01-13 02:56:44,diana@acme.com,SCAN_STARTED,spring-framework
2026-01-12 20:33:00,frank@acme.com,SCAN_COMPLETED,Mailtest
2026-01-12 20:33:00,frank@acme.com,SCAN_STARTED,Mailtest
2026-01-12 20:28:00,frank@acme.com,USER_LOGOUT,
2026-01-12 20:25:11,bob@acme.com,SCAN_COMPLETED,elasticsearch
2026-01-12 20:18:00,diana@acme.com,USER_LOGOUT,
2026-01-12 20:16:10,bob@acme.com,SCAN_STARTED,elasticsearch
2026-01-12 19:43:00,charlie@acme.com,USER_LOGOUT,
2026-01-12 18:00:00,bob@acme.com,USER_LOGOUT,
2026-01-12 17:57:00,alice@acme.com,USER_LOGOUT,
2026-01-12 10:43:00,bob@acme.com,USER_LOGIN,
2026-01-12 10:43:00,frank@acme.com,USER_LOGIN,
2026-01-12 10:38:00,charlie@acme.com,USER_LOGIN,
2026-01-12 10:14:00,diana@acme.com,USER_LOGIN,
2026-01-12 10:12:00,alice@acme.com,USER_LOGIN,
2026-01-12 06:45:21,bob@acme.com,SCAN_STARTED,guava
2026-01-12 06:45:21,bob@acme.com,SCAN_COMPLETED,guava
2026-01-12 06:10:00,alice@acme.com,FINDING_STATUS_CHANGED,elasticsearch
2026-01-12 04:16:07,eve@acme.com,SCAN_COMPLETED,nifi
2026-01-12 04:16:07,eve@acme.com,SCAN_STARTED,nifi
2026-01-12 02:18:00,bob@acme.com,FINDING_STATUS_CHANGED,spring-framework
2026-01-12 01:09:10,diana@acme.com,SCAN_COMPLETED,Mybinary
2026-01-12 01:05:40,diana@acme.com,SCAN_STARTED,Mybinary
2026-01-11 19:45:00,diana@acme.com,USER_LOGOUT,
2026-01-11 18:17:07,alice@acme.com,SCAN_COMPLETED,elasticsearch
2026-01-11 18:06:04,alice@acme.com,SCAN_STARTED,elasticsearch
2026-01-11 17:33:00,bob@acme.com,USER_LOGOUT,
2026-01-11 17:05:00,alice@acme.com,USER_LOGOUT,
2026-01-11 16:04:00,bob@acme.com,REPORT_GENERATED,spring-framework
2026-01-11 09:35:00,alice@acme.com,USER_LOGIN,
2026-01-11 09:07:00,bob@acme.com,USER_LOGIN,
2026-01-11 08:31:00,diana@acme.com,USER_LOGIN,
2026-01-11 07:23:18,bob@acme.com,SCAN_STARTED,guava
2026-01-11 07:23:18,bob@acme.com,SCAN_COMPLETED,guava
2026-01-11 02:04:00,alice@acme.com,FINDING_STATUS_CHANGED,elasticsearch
2026-01-10 23:17:00,diana@acme.com,FINDING_STATUS_CHANGED,nifi
2026-01-10 21:41:19,bob@acme.com,SCAN_COMPLETED,Mybinary
2026-01-10 21:41:19,bob@acme.com,SCAN_STARTED,Mybinary
2026-01-10 20:23:00,eve@acme.com,USER_LOGOUT,
2026-01-10 18:46:03,charlie@acme.com,SCAN_COMPLETED,elasticsearch
2026-01-10 18:33:20,charlie@acme.com,SCAN_STARTED,elasticsearch
2026-01-10 18:32:00,frank@acme.com,USER_LOGOUT,
2026-01-10 17:11:00,alice@acme.com,USER_LOGOUT,
2026-01-10 16:17:00,eve@acme.com,FINDING_STATUS_CHANGED,smob
2026-01-10 15:42:00,alice@acme.com,FINDING_STATUS_CHANGED,Mailtest
2026-01-10 09:24:00,frank@acme.com,USER_LOGIN,
2026-01-10 08:58:00,eve@acme.com,USER_LOGIN,
2026-01-10 08:28:00,alice@acme.com,USER_LOGIN,
2026-01-09 22:46:50,charlie@acme.com,SCAN_COMPLETED,Mybinary
2026-01-09 22:46:50,charlie@acme.com,SCAN_STARTED,Mybinary
2026-01-09 19:37:00,eve@acme.com,USER_LOGOUT,
2026-01-09 19:10:00,frank@acme.com,USER_LOGOUT,
2026-01-09 18:32:00,bob@acme.com,USER_LOGOUT,
2026-01-09 18:15:37,charlie@acme.com,SCAN_STARTED,Mybinary
2026-01-09 18:15:37,charlie@acme.com,SCAN_COMPLETED,Mybinary
2026-01-09 17:33:00,charlie@acme.com,USER_LOGOUT,
2026-01-09 17:05:00,alice@acme.com,USER_LOGOUT,
2026-01-09 15:32:58,alice@acme.com,SCAN_COMPLETED,nifi
2026-01-09 15:32:58,alice@acme.com,SCAN_STARTED,nifi
2026-01-09 15:07:00,alice@acme.com,FINDING_STATUS_CHANGED,Mailtest
2026-01-09 14:59:00,alice@acme.com,FINDING_STATUS_CHANGED,guava
2026-01-09 09:22:00,bob@acme.com,USER_LOGIN,
2026-01-09 08:54:00,eve@acme.com,USER_LOGIN,
2026-01-09 08:50:00,charlie@acme.com,FINDING_STATUS_CHANGED,spring-framework
2026-01-09 08:45:00,frank@acme.com,USER_LOGIN,
2026-01-09 08:42:00,alice@acme.com,USER_LOGIN,
2026-01-09 07:06:00,charlie@acme.com,USER_LOGIN,
2026-01-09 06:03:37,alice@acme.com,SCAN_COMPLETED,Mailtest
2026-01-09 06:03:37,alice@acme.com,SCAN_STARTED,Mailtest
2026-01-09 05:04:38,diana@acme.com,SCAN_STARTED,elasticsearch
2026-01-09 05:04:38,diana@acme.com,SCAN_COMPLETED,elasticsearch
2026-01-09 03:17:00,bob@acme.com,FINDING_STATUS_CHANGED,smob
2026-01-08 22:18:00,frank@acme.com,FINDING_STATUS_CHANGED,Mybinary
2026-01-08 21:34:00,diana@acme.com,FINDING_STATUS_CHANGED,nifi
2026-01-08 20:41:06,frank@acme.com,SCAN_COMPLETED,spring-framework
2026-01-08 20:41:06,frank@acme.com,SCAN_STARTED,spring-framework
2026-01-08 20:02:00,charlie@acme.com,USER_LOGOUT,
2026-01-08 17:58:00,eve@acme.com,REPORT_GENERATED,nifi
2026-01-08 17:50:00,eve@acme.com,USER_LOGOUT,
2026-01-08 17:30:00,frank@acme.com,USER_LOGOUT,
2026-01-08 17:04:00,alice@acme.com,USER_LOGOUT,
2026-01-08 17:04:00,bob@acme.com,USER_LOGOUT,
2026-01-08 17:03:00,diana@acme.com,FINDING_STATUS_CHANGED,WebGoat
2026-01-08 15:07:00,bob@acme.com,FINDING_STATUS_CHANGED,nifi
2026-01-08 14:53:00,alice@acme.com,FINDING_STATUS_CHANGED,Mybinary
2026-01-08 13:12:22,charlie@acme.com,SCAN_COMPLETED,spring-framework
2026-01-08 13:02:00,frank@acme.com,FINDING_STATUS_CHANGED,elasticsearch
2026-01-08 12:57:03,charlie@acme.com,SCAN_STARTED,spring-framework
2026-01-08 09:42:00,eve@acme.com,USER_LOGIN,
2026-01-08 08:06:00,frank@acme.com,USER_LOGIN,
2026-01-08 07:58:00,alice@acme.com,USER_LOGIN,
2026-01-08 07:49:00,charlie@acme.com,USER_LOGIN,
2026-01-08 07:27:00,bob@acme.com,USER_LOGIN,
2026-01-08 07:17:00,bob@acme.com,FINDING_STATUS_CHANGED,WebGoat
2026-01-08 06:34:28,alice@acme.com,SCAN_COMPLETED,nifi
2026-01-08 06:34:28,alice@acme.com,SCAN_STARTED,nifi
2026-01-08 02:28:51,charlie@acme.com,SCAN_STARTED,Mybinary
2026-01-08 02:28:51,charlie@acme.com,SCAN_COMPLETED,Mybinary
2026-01-08 00:10:13,bob@acme.com,SCAN_COMPLETED,Mailtest
2026-01-08 00:06:09,eve@acme.com,SCAN_COMPLETED,elasticsearch
2026-01-08 00:05:59,eve@acme.com,SCAN_STARTED,elasticsearch
2026-01-07 23:59:56,bob@acme.com,SCAN_STARTED,Mailtest
2026-01-07 20:56:00,alice@acme.com,USER_LOGOUT,
2026-01-07 19:44:00,eve@acme.com,USER_LOGOUT,
2026-01-07 19:23:00,eve@acme.com,FINDING_STATUS_CHANGED,WebGoat
2026-01-07 19:01:00,frank@acme.com,USER_LOGOUT,
2026-01-07 18:59:00,bob@acme.com,USER_LOGOUT,
2026-01-07 18:44:00,charlie@acme.com,USER_LOGOUT,
2026-01-07 18:18:00,diana@acme.com,SCAN_COMPLETED,elasticsearch
2026-01-07 18:14:00,diana@acme.com,SCAN_STARTED,elasticsearch
2026-01-07 15:22:00,charlie@acme.com,REPORT_GENERATED,Mybinary
2026-01-07 14:14:00,bob@acme.com,FINDING_STATUS_CHANGED,Mailtest
2026-01-07 14:07:15,charlie@acme.com,SCAN_STARTED,WebGoat
2026-01-07 14:07:15,charlie@acme.com,SCAN_COMPLETED,WebGoat
2026-01-07 12:36:00,charlie@acme.com,REPORT_GENERATED,elasticsearch
2026-01-07 10:04:32,alice@acme.com,SCAN_STARTED,Mybinary
2026-01-07 10:04:32,alice@acme.com,SCAN_COMPLETED,Mybinary
2026-01-07 09:11:00,frank@acme.com,USER_LOGIN,
2026-01-07 09:08:00,alice@acme.com,USER_LOGIN,
2026-01-07 08:38:00,bob@acme.com,FINDING_STATUS_CHANGED,smob
2026-01-07 07:30:00,eve@acme.com,USER_LOGIN,
2026-01-07 07:14:00,charlie@acme.com,USER_LOGIN,
2026-01-07 07:07:00,bob@acme.com,USER_LOGIN,
2026-01-07 03:42:27,charlie@acme.com,SCAN_COMPLETED,Mailtest
2026-01-07 03:42:27,charlie@acme.com,SCAN_STARTED,Mailtest
2026-01-07 00:44:00,eve@acme.com,FINDING_STATUS_CHANGED,spring-framework
2026-01-06 23:44:12,bob@acme.com,SCAN_COMPLETED,spring-framework
2026-01-06 23:44:12,bob@acme.com,SCAN_STARTED,spring-framework
2026-01-06 19:52:00,eve@acme.com,USER_LOGOUT,
2026-01-06 19:23:00,bob@acme.com,USER_LOGOUT,
2026-01-06 19:17:00,alice@acme.com,USER_LOGOUT,
2026-01-06 18:53:00,diana@acme.com,USER_LOGOUT,
2026-01-06 18:06:00,charlie@acme.com,USER_LOGOUT,
2026-01-06 15:35:10,alice@acme.com,SCAN_STARTED,Mailtest
2026-01-06 15:35:10,alice@acme.com,SCAN_COMPLETED,Mailtest
2026-01-06 14:40:00,alice@acme.com,FINDING_STATUS_CHANGED,WebGoat
2026-01-06 11:56:53,charlie@acme.com,SCAN_STARTED,nifi
2026-01-06 11:56:53,charlie@acme.com,SCAN_COMPLETED,nifi
2026-01-06 10:26:00,charlie@acme.com,USER_LOGIN,
2026-01-06 09:52:00,alice@acme.com,USER_LOGIN,
2026-01-06 09:06:00,eve@acme.com,USER_LOGIN,
2026-01-06 08:21:00,charlie@acme.com,FINDING_STATUS_CHANGED,elasticsearch
2026-01-06 08:09:00,diana@acme.com,USER_LOGIN,
2026-01-06 08:00:00,bob@acme.com,USER_LOGIN,
2026-01-06 06:27:00,eve@acme.com,FINDING_STATUS_CHANGED,spring-framework
2026-01-06 05:34:49,alice@acme.com,SCAN_COMPLETED,Mybinary
2026-01-06 05:34:49,alice@acme.com,SCAN_STARTED,Mybinary
2026-01-06 05:16:00,alice@acme.com,FINDING_STATUS_CHANGED,spring-framework
2026-01-06 02:05:46,bob@acme.com,SCAN_COMPLETED,elasticsearch
2026-01-06 02:05:46,bob@acme.com,SCAN_STARTED,elasticsearch
2026-01-05 20:19:53,diana@acme.com,SCAN_COMPLETED,guava
2026-01-05 20:19:53,diana@acme.com,SCAN_STARTED,guava
2026-01-05 19:33:00,bob@acme.com,USER_LOGOUT,
2026-01-05 19:26:00,alice@acme.com,USER_LOGOUT,
2026-01-05 18:48:00,eve@acme.com,USER_LOGOUT,
2026-01-05 18:22:00,diana@acme.com,USER_LOGOUT,
2026-01-05 17:09:00,charlie@acme.com,USER_LOGOUT,
2026-01-05 14:19:51,bob@acme.com,SCAN_COMPLETED,guava
2026-01-05 14:00:46,bob@acme.com,SCAN_STARTED,guava
2026-01-05 12:38:29,diana@acme.com,SCAN_COMPLETED,spring-framework
2026-01-05 12:38:29,diana@acme.com,SCAN_STARTED,spring-framework
2026-01-05 10:00:00,bob@acme.com,REPORT_GENERATED,guava
2026-01-05 09:29:00,diana@acme.com,USER_LOGIN,
2026-01-05 09:10:00,charlie@acme.com,USER_LOGIN,
2026-01-05 09:03:00,bob@acme.com,USER_LOGIN,
2026-01-05 08:03:00,alice@acme.com,USER_LOGIN,
2026-01-05 07:32:00,eve@acme.com,USER_LOGIN,
2026-01-05 04:37:00,diana@acme.com,FINDING_STATUS_CHANGED,spring-framework
2026-01-05 03:57:32,alice@acme.com,SCAN_COMPLETED,Mailtest
2026-01-05 03:43:56,alice@acme.com,SCAN_STARTED,Mailtest
2026-01-05 02:55:30,alice@acme.com,SCAN_COMPLETED,Mybinary
2026-01-05 02:48:03,alice@acme.com,SCAN_STARTED,Mybinary
2026-01-04 20:55:00,diana@acme.com,USER_LOGOUT,
2026-01-04 20:54:00,charlie@acme.com,FINDING_STATUS_CHANGED,elasticsearch
2026-01-04 20:29:09,charlie@acme.com,SCAN_STARTED,Mailtest
2026-01-04 20:29:09,charlie@acme.com,SCAN_COMPLETED,Mailtest
2026-01-04 20:04:00,charlie@acme.com,USER_LOGOUT,
2026-01-04 18:27:57,diana@acme.com,SCAN_STARTED,Mailtest
2026-01-04 18:27:57,diana@acme.com,SCAN_COMPLETED,Mailtest
2026-01-04 18:01:00,frank@acme.com,USER_LOGOUT,
2026-01-04 15:39:00,eve@acme.com,REPORT_GENERATED,WebGoat
2026-01-04 13:27:00,bob@acme.com,FINDING_STATUS_CHANGED,WebGoat
2026-01-04 10:57:00,alice@acme.com,REPORT_GENERATED,spring-framework
2026-01-04 09:37:00,diana@acme.com,USER_LOGIN,
2026-01-04 08:31:00,frank@acme.com,USER_LOGIN,
2026-01-04 07:48:00,charlie@acme.com,USER_LOGIN,
2026-01-03 20:14:00,diana@acme.com,USER_LOGOUT,
2026-01-03 20:07:00,charlie@acme.com,USER_LOGOUT,
2026-01-03 18:56:45,bob@acme.com,SCAN_COMPLETED,WebGoat
2026-01-03 18:56:45,bob@acme.com,SCAN_STARTED,WebGoat
2026-01-03 18:16:00,alice@acme.com,USER_LOGOUT,
2026-01-03 09:40:00,charlie@acme.com,USER_LOGIN,
2026-01-03 09:31:00,diana@acme.com,USER_LOGIN,
2026-01-03 07:50:00,alice@acme.com,USER_LOGIN,
2026-01-03 01:14:52,eve@acme.com,SCAN_STARTED,Mybinary
2026-01-03 01:14:52,eve@acme.com,SCAN_COMPLETED,Mybinary
2026-01-02 20:55:00,bob@acme.com,USER_LOGOUT,
2026-01-02 20:05:00,diana@acme.com,USER_LOGOUT,
2026-01-02 19:35:00,charlie@acme.com,USER_LOGOUT,
2026-01-02 19:26:00,eve@acme.com,USER_LOGOUT,
2026-01-02 18:12:00,alice@acme.com,USER_LOGOUT,
2026-01-02 15:25:00,charlie@acme.com,REPORT_GENERATED,Mailtest
2026-01-02 14:05:00,charlie@acme.com,FINDING_STATUS_CHANGED,spring-framework
2026-01-02 12:43:00,bob@acme.com,FINDING_STATUS_CHANGED,Mybinary
2026-01-02 12:21:52,bob@acme.com,SCAN_ERROR,elasticsearch
2026-01-02 12:17:29,bob@acme.com,SCAN_STARTED,elasticsearch
2026-01-02 12:05:35,diana@acme.com,SCAN_COMPLETED,spring-framework
2026-01-02 12:05:35,diana@acme.com,SCAN_STARTED,spring-framework
2026-01-02 09:59:00,charlie@acme.com,FINDING_STATUS_CHANGED,nifi
2026-01-02 09:04:00,diana@acme.com,USER_LOGIN,
2026-01-02 08:53:00,charlie@acme.com,USER_LOGIN,
2026-01-02 08:44:59,bob@acme.com,SCAN_STARTED,WebGoat
2026-01-02 08:44:59,bob@acme.com,SCAN_COMPLETED,WebGoat
2026-01-02 08:35:00,alice@acme.com,USER_LOGIN,
2026-01-02 08:13:00,bob@acme.com,USER_LOGIN,
2026-01-02 07:26:00,eve@acme.com,USER_LOGIN,
2026-01-02 05:33:07,diana@acme.com,SCAN_ERROR,guava
2026-01-02 05:29:24,diana@acme.com,SCAN_STARTED,guava
2026-01-02 02:02:42,diana@acme.com,SCAN_COMPLETED,WebGoat
2026-01-02 02:02:42,diana@acme.com,SCAN_STARTED,WebGoat
2026-01-01 22:45:55,bob@acme.com,SCAN_COMPLETED,Mailtest
2026-01-01 22:34:26,bob@acme.com,SCAN_STARTED,Mailtest
2026-01-01 20:23:00,diana@acme.com,USER_LOGOUT,
2026-01-01 20:18:00,bob@acme.com,USER_LOGOUT,
2026-01-01 19:22:00,alice@acme.com,USER_LOGOUT,
2026-01-01 17:58:00,eve@acme.com,USER_LOGOUT,
2026-01-01 17:13:00,charlie@acme.com,USER_LOGOUT,
2026-01-01 11:38:16,charlie@acme.com,SCAN_COMPLETED,elasticsearch
2026-01-01 11:38:16,charlie@acme.com,SCAN_STARTED,elasticsearch
2026-01-01 10:47:00,bob@acme.com,USER_LOGIN,
2026-01-01 10:23:00,alice@acme.com,USER_LOGIN,
2026-01-01 10:19:35,alice@acme.com,SCAN_ERROR,elasticsearch
2026-01-01 10:17:09,alice@acme.com,SCAN_STARTED,elasticsearch
2026-01-01 09:40:00,frank@acme.com,REPORT_GENERATED,spring-framework
2026-01-01 09:25:00,diana@acme.com,USER_LOGIN,
2026-01-01 09:19:00,charlie@acme.com,USER_LOGIN,
2026-01-01 08:31:00,eve@acme.com,USER_LOGIN,
2026-01-01 07:19:06,alice@acme.com,SCAN_COMPLETED,guava
2026-01-01 07:14:08,alice@acme.com,SCAN_STARTED,guava
2026-01-01 02:13:14,charlie@acme.com,SCAN_COMPLETED,smob
2026-01-01 02:13:14,charlie@acme.com,SCAN_STARTED,smob
